"is_approved","is_female","is_black","is_married","is_housing_expense_ratio_high","is_self_employed","is_bad_credit","payment_income_ratio","loan_to_value_ratio"
1,1,0,1,0,0,0,22.1000003814697,80
1,0,0,0,0,0,0,26.5,92.1875
1,0,0,1,0,0,0,37.2000007629395,92.0398009950249
1,0,0,1,0,0,0,32,86.046511627907
1,0,0,1,1,0,0,36,60
1,0,0,1,0,0,0,24,51.0526315789474
1,1,0,0,0,0,0,35,74.6666666666667
1,0,0,1,0,0,0,28,85
0,0,0,1,0,0,0,31,89.7260273972603
1,0,1,1,0,0,0,24,94.8148148148148
1,1,0,0,0,0,0,18,35.8744394618834
1,1,0,0,0,0,0,28,22.3880597014925
1,0,0,0,0,0,0,31,68.8888888888889
0,0,0,1,0,0,0,28,53.763440860215
1,0,0,1,1,0,0,36,64.9438202247191
1,0,0,1,0,0,0,18,36.25
1,0,0,1,0,0,0,36,83.3333333333333
1,0,0,1,0,0,0,23,64.2857142857143
1,1,0,1,0,0,0,32,43.75
1,0,0,1,0,0,0,31,79.4444444444444
1,0,0,0,0,0,0,37,80
0,0,0,1,0,0,1,37,89.6341463414634
1,0,0,1,1,0,0,39,87.8571428571429
1,0,0,0,1,0,0,32,77.2058823529412
1,0,0,1,1,0,0,39,90.1023890784983
1,0,0,0,1,0,0,33,65.4377880184332
1,1,0,0,0,0,0,28,62.962962962963
1,0,1,1,0,0,0,41,77.34375
1,1,0,0,0,0,0,37,89.4736842105263
1,0,0,0,0,0,0,30,48.5436893203884
1,0,0,1,0,0,0,31,94.9367088607595
1,0,1,0,0,0,0,26,89.1089108910891
1,1,0,0,0,0,0,36,86.3309352517986
1,0,0,1,0,0,0,37,71.4285714285714
1,0,0,0,0,0,0,35,75.1219512195122
1,0,0,0,0,0,0,37,90.2127659574468
1,0,0,1,0,0,0,34,84.7058823529412
1,0,0,1,0,0,0,38,47.3684210526316
1,0,0,1,1,0,0,44,68.796992481203
1,0,1,1,0,0,0,35,89.7810218978102
1,0,0,1,0,0,0,38,88.0851063829787
1,0,0,0,1,0,0,37,91.9753086419753
1,0,0,1,0,0,0,37,93.6363636363636
1,0,0,1,0,0,0,41,64.2857142857143
0,0,0,1,1,0,0,35,147.826086956522
0,0,0,1,0,0,0,41,72
0,0,1,1,1,0,0,56,67.5862068965517
1,1,0,0,0,0,1,34,67.7966101694915
1,0,0,1,0,0,0,29,90
0,0,0,1,0,0,1,27,80
1,1,1,0,0,0,0,37,85.3846153846154
0,0,0,1,0,1,0,34,74.1935483870968
0,0,1,1,0,0,0,30,94.9152542372881
0,0,1,1,1,0,0,62,94.1666666666667
0,0,1,0,0,0,0,39,94.6902654867257
1,1,1,0,0,0,0,39,94.6236559139785
1,0,0,0,0,0,0,36,67.5675675675676
1,1,0,0,1,0,0,34,64.367816091954
1,0,0,1,0,0,0,27,94.1176470588235
1,0,0,0,0,0,0,16,73.2484076433121
1,0,0,0,0,0,0,39,91.358024691358
1,0,0,1,0,0,0,36,20.7142857142857
1,0,0,1,0,0,1,31.3999996185303,93.4426229508197
1,0,0,1,0,0,1,34,90.3448275862069
1,0,0,0,0,0,0,33.2000007629395,90.2439024390244
1,1,0,0,1,1,0,33,63.6942675159236
1,0,0,0,0,0,0,39.9000015258789,76.9230769230769
1,0,0,1,1,0,0,34.2000007629395,75
1,1,0,0,0,0,0,37.5999984741211,80
1,0,0,1,0,0,0,32.0999984741211,88.8888888888889
1,0,0,1,0,0,0,27.8999996185303,75.187969924812
1,0,0,1,0,0,0,31.7000007629395,89.4039735099338
1,0,1,1,0,1,0,28.5,65
1,0,0,1,0,0,0,36.5,94.0397350993377
1,1,0,1,1,0,0,33.7000007629395,42.5531914893617
1,1,0,0,0,0,0,35,67.8571428571429
1,1,0,0,0,0,0,35.2000007629395,88.4615384615385
1,1,0,1,0,0,0,35,93.9189189189189
1,0,0,1,0,0,0,34.4000015258789,90.2439024390244
1,0,1,1,0,1,0,17.1000003814697,79.7101449275362
1,0,0,0,0,0,0,28,73.8255033557047
1,0,0,1,0,0,0,37.7999992370605,89.9470899470899
1,0,0,1,0,0,0,25.7999992370605,67.7966101694915
1,0,0,1,0,1,0,21.7999992370605,80.2197802197802
1,0,0,1,0,0,0,23,55.3072625698324
1,0,0,1,0,0,0,28.5,65.1567944250871
0,0,0,1,0,0,1,26.5,83.5164835164835
1,0,0,0,0,0,0,36,78.4313725490196
1,0,0,1,0,0,0,27.2000007629395,66.6666666666667
1,0,0,0,0,1,0,36,80.1136363636364
0,0,1,1,1,0,0,31,88.2352941176471
0,0,0,0,0,0,0,35.9000015258789,90.2985074626866
1,0,0,1,0,0,0,39.7000007629395,66.0377358490566
1,0,0,1,0,1,0,34,74.6753246753247
0,0,1,1,0,0,0,21.8999996185303,76.7676767676768
1,1,0,0,1,0,0,32,85
1,0,0,1,0,0,0,32,94.8148148148148
1,0,0,0,0,0,0,28,43.4782608695652
0,0,1,1,1,0,0,38.7999992370605,88.8111888111888
1,1,0,0,0,0,0,25,78.2608695652174
1,0,0,1,0,0,0,34,80
1,0,0,0,0,0,0,32,73.0593607305936
0,0,1,0,0,0,1,33,92.9133858267717
1,0,0,1,0,1,0,31.2000007629395,79.2207792207792
1,0,0,0,1,0,0,33,58.0246913580247
1,0,0,1,1,0,0,32,63.6363636363636
1,0,0,1,0,0,0,38,87.6470588235294
1,0,0,1,0,0,0,32,79.6992481203008
1,0,0,1,0,0,0,23,92.2222222222222
1,0,0,1,0,0,0,27,75.1269035532995
1,1,0,0,1,0,0,31.3999996185303,66.6666666666667
1,0,0,0,0,0,0,35,85.1851851851852
1,1,0,0,0,1,0,32,74.3362831858407
1,0,0,1,0,0,0,35.7999992370605,80
0,0,0,0,1,0,0,35,92.96875
1,1,0,1,0,0,0,34,92.2535211267606
1,0,0,0,0,1,0,31,80
1,0,0,1,0,0,0,29,70.3225806451613
0,0,0,1,1,0,0,61,55.5555555555556
1,0,0,1,0,0,0,26.2999992370605,62.5407166123778
1,0,0,0,0,0,0,26.2000007629395,68.7022900763359
1,0,0,1,0,0,0,36,78.75
0,0,0,0,1,1,0,46,110.555555555556
1,0,0,1,0,0,0,30.5,66.6666666666667
1,0,0,0,0,0,0,38.4000015258789,50.6666666666667
1,0,0,1,0,1,0,26.3999996185303,78.8177339901478
1,0,0,1,1,0,0,33,30.2325581395349
0,1,1,0,1,1,0,47,89.261744966443
1,0,0,1,0,0,0,19,73.8888888888889
1,0,0,0,0,0,0,30,89.4736842105263
1,0,0,1,0,0,0,36,73.8636363636364
1,1,0,0,0,0,0,33,70
1,0,0,0,0,0,0,23,73.6842105263158
1,1,1,0,0,0,0,29,90
1,0,0,1,1,0,0,41,80
1,1,0,1,0,0,0,36,95.0617283950617
0,0,0,1,1,0,0,41,69.4594594594595
1,0,0,1,1,0,0,33,68.1818181818182
0,1,0,0,0,0,1,29,57.1428571428571
1,0,0,1,0,0,0,41,78.6786786786787
1,0,0,1,0,0,0,33,89.7872340425532
1,1,0,1,0,0,0,23,88.9175257731959
1,0,0,1,1,1,0,39,71.7037037037037
1,0,0,1,0,1,0,39,79.8469387755102
1,0,0,1,0,0,0,27,80
1,0,0,0,0,1,0,38.4000015258789,80
1,0,1,0,0,0,0,38.2000007629395,80.4123711340206
1,0,0,1,0,0,0,37,58.130081300813
1,0,0,0,1,0,0,32.5,78.1914893617021
1,0,0,0,1,0,0,39.7999992370605,64.2857142857143
1,0,0,0,1,0,0,39.5,80
1,0,0,0,1,0,0,40.7000007629395,74.8936170212766
1,1,0,0,0,0,0,30.1000003814697,77.906976744186
1,0,0,0,1,0,0,36.5,90
1,1,0,0,0,0,0,26.6000003814697,79.7752808988764
1,0,0,1,0,0,0,26.7999992370605,89.4736842105263
1,0,0,1,0,0,0,26.8999996185303,79.8780487804878
1,0,1,0,1,0,0,40.9000015258789,88.785046728972
1,0,0,1,0,0,0,30.7999992370605,58.1395348837209
1,1,0,0,1,0,0,31.1000003814697,66.6666666666667
1,0,1,1,0,0,0,36,86.2745098039216
1,0,1,1,1,0,0,38,86.6666666666667
1,0,1,0,0,0,0,21,58.3333333333333
1,0,0,1,1,0,0,39,81.3333333333333
1,0,1,1,0,0,0,25,66.2337662337662
1,0,1,1,1,0,0,39,88.3928571428571
1,0,0,1,1,0,0,32,73.2307692307692
1,0,0,1,0,0,0,18,31.4814814814815
1,0,0,1,0,0,0,34,37.9807692307692
1,1,1,0,1,0,0,32.7999992370605,86.8965517241379
0,0,1,0,0,0,0,38.3800010681152,98.7951807228916
1,0,1,1,0,0,0,33.7999992370605,90
1,0,0,1,0,0,0,28.1000003814697,46.75
0,0,1,0,1,0,1,39.2299995422363,90.2255639097744
1,0,0,1,0,0,0,36.2999992370605,47.1380471380471
1,0,0,1,0,0,0,24.5799999237061,31.1111111111111
1,0,0,1,1,0,0,38.2099990844727,79.7297297297297
1,0,0,1,0,0,0,32,65
1,0,1,1,0,0,0,28.6000003814697,65
1,0,0,0,0,0,0,26.6000003814697,55.5555555555556
1,0,1,1,0,0,0,31.5,90.1315789473684
1,0,1,0,0,0,0,30.4699993133545,47.8260869565217
1,0,0,0,0,0,0,33.7999992370605,90.2857142857143
1,0,0,0,0,0,0,36.5999984741211,65.1785714285714
1,0,1,1,0,1,0,37.0999984741211,59.3220338983051
1,0,0,1,1,0,0,38.0999984741211,31.5581854043393
1,0,1,0,1,0,0,35,89.8550724637681
1,0,1,1,0,0,0,34,95.2380952380952
1,0,0,1,0,0,0,26.5200004577637,89.1089108910891
1,0,0,0,0,0,0,35,90
0,0,1,0,0,0,0,39,90.2255639097744
0,0,0,0,0,1,0,39,77.9661016949153
1,0,0,1,0,0,0,30,40.2173913043478
1,0,0,1,0,0,0,29,70.9090909090909
1,0,1,0,0,0,0,19,79.2207792207792
1,0,0,1,1,0,0,35,80.1484230055659
1,0,0,0,0,0,0,39,83.3333333333333
1,0,1,0,0,0,0,36,90.3703703703704
1,1,0,0,0,0,0,26,73.6111111111111
1,0,0,0,0,0,0,36,74.21875
1,0,0,1,0,0,0,27,77.4011299435028
1,0,0,0,0,0,0,35.7000007629395,80
1,0,1,1,0,0,0,30,88.3495145631068
1,1,1,1,0,0,0,39,90.5660377358491
1,0,0,1,0,0,0,31,89.7959183673469
0,0,0,1,0,1,0,43,56.25
0,0,1,1,0,0,1,40,53.1468531468531
1,1,1,0,0,0,0,34,88.3928571428571
0,0,0,1,1,1,0,40.5999984741211,89.8305084745763
0,0,0,1,0,0,0,23,33.816425120773
0,0,0,0,1,1,0,73,45.6273764258555
1,1,1,0,1,0,0,38,57.7235772357724
1,1,1,0,1,0,0,38.2999992370605,60.8
1,0,0,1,0,0,0,32,89.7196261682243
1,0,0,1,0,0,0,29.2999992370605,85.2173913043478
1,0,0,0,0,0,0,24.0300006866455,25.6410256410256
1,0,0,0,0,0,0,19.3999996185303,72.7777777777778
1,1,1,0,0,0,0,29.3999996185303,57.3770491803279
1,1,1,0,0,0,0,38.2000007629395,60.8
1,0,1,0,0,1,0,37.9799995422363,60.8
1,1,1,1,0,0,0,33.5900001525879,80.9859154929577
1,1,1,0,0,0,0,39.0299987792969,60.8
1,0,1,0,1,0,0,39.2799987792969,80
1,0,0,1,0,0,0,28,82.6086956521739
1,0,0,1,0,0,0,31,89.6825396825397
1,0,0,0,0,1,0,38.4099998474121,80
1,0,1,0,0,0,0,33.4000015258789,88.9655172413793
1,1,1,0,0,0,0,29,89.247311827957
1,1,0,0,1,0,0,33.0900001525879,74.5762711864407
1,1,1,0,1,0,0,33.689998626709,93.3333333333333
1,0,0,1,1,0,0,34.2299995422363,86.1244019138756
0,0,1,0,0,0,0,30.2700004577637,95.4545454545455
1,0,1,1,1,0,0,31.9899997711182,92.6315789473684
0,0,1,1,1,0,0,35.7999992370605,40.1315789473684
1,0,0,1,0,0,0,31.9099998474121,79.2452830188679
1,0,0,1,0,0,0,24.6299991607666,68.8073394495413
1,0,0,1,0,1,0,28.6000003814697,75.3488372093023
1,0,0,0,0,0,0,27,79.7872340425532
1,1,0,0,0,1,0,28.2000007629395,90
1,1,0,0,0,1,0,32.439998626709,56.4796905222437
1,1,0,1,0,1,0,34.7999992370605,73.7967914438503
1,1,0,0,0,0,0,29.6000003814697,47.9233226837061
1,0,1,0,1,0,0,31.3999996185303,77.7142857142857
1,0,0,1,0,0,0,31.9799995422363,53.2258064516129
1,0,0,0,0,1,0,40.0099983215332,40.7843137254902
1,0,0,1,0,0,0,27.6299991607666,74.8502994011976
1,1,0,0,0,0,0,35.2400016784668,74.8091603053435
1,0,0,1,0,0,0,12.3800001144409,69.3069306930693
1,1,0,0,0,0,0,34,190.833333333333
1,0,0,1,0,1,0,21.1599998474121,51.6129032258064
1,0,0,1,0,0,0,28.2600002288818,47.1177944862155
1,0,0,1,0,0,0,28.8999996185303,74.0740740740741
1,0,0,1,0,0,0,30,77.1276595744681
1,0,0,1,0,0,0,36,73.5930735930736
1,0,0,1,0,0,0,32,56.4102564102564
0,0,0,1,1,0,0,32,68.75
1,0,0,1,0,0,0,26,73.5714285714286
1,1,0,1,0,0,0,26,70.7547169811321
0,1,0,0,0,1,0,32,79.4444444444444
1,1,1,0,1,0,1,42,80
1,0,0,0,1,0,0,34,64.3410852713178
1,0,0,1,1,0,0,37,87.7551020408163
1,0,0,0,0,0,0,29,59.2592592592593
1,1,0,0,1,0,0,35,72
1,0,0,0,0,0,0,40,80
1,1,0,0,0,0,0,36,92.6315789473684
1,0,0,1,0,0,0,38,70.4545454545455
1,0,0,1,0,0,0,37,57.7777777777778
1,0,0,0,0,0,0,41,70.566037735849
1,1,0,0,1,0,0,32,27.7777777777778
1,0,0,1,0,0,0,33,94.6236559139785
1,0,0,1,0,0,0,33,81.7647058823529
1,1,0,0,0,0,0,29,31.25
1,0,0,0,0,1,0,37,34.0909090909091
1,0,0,0,0,0,1,36,89.8809523809524
1,1,0,1,0,0,0,37,76.4705882352941
1,1,0,0,0,0,0,30,52.9411764705882
1,1,0,1,1,0,0,34,81.1764705882353
1,1,0,1,0,1,0,42,75
1,0,0,1,0,0,0,20,11.1111111111111
1,0,0,1,0,0,0,30,53.3333333333333
1,0,0,1,0,0,0,38,93.4375
1,0,0,0,1,0,0,34,92.1212121212121
1,0,1,1,0,0,0,32,90.0621118012422
1,0,0,1,0,1,0,29,66.7857142857143
1,0,0,1,0,0,0,32,91.6666666666667
1,0,1,1,0,0,0,38,92.3076923076923
1,1,0,1,0,0,0,36,94.375
1,0,0,1,0,0,0,41,65.2173913043478
1,0,0,0,0,0,0,32,47.4452554744526
1,0,1,1,1,0,0,38,82.4
1,1,0,0,0,0,0,20,48.5074626865672
1,0,0,0,0,0,0,28,92.3076923076923
1,0,0,1,0,0,0,25,55.5555555555556
1,0,0,1,0,0,0,29,57.5384615384615
0,1,0,0,1,0,0,49,91.5584415584416
1,0,0,1,0,0,0,33,88.9473684210526
1,0,0,1,0,0,0,45,80.1587301587302
0,0,0,0,1,0,0,41,92.258064516129
1,0,0,1,0,0,0,35,83.8709677419355
1,0,0,1,0,0,0,35,35.0877192982456
1,0,0,1,0,1,0,8,73.2984293193717
1,0,0,0,0,0,0,25,50.3703703703704
1,0,0,1,0,0,0,48,72.6666666666667
1,0,0,1,0,1,0,36,146.511627906977
1,0,0,1,1,0,0,32,84.0579710144928
1,0,0,1,0,0,0,27,84.3881856540084
1,0,0,1,0,0,0,34,79.3103448275862
1,0,0,0,0,0,1,33,78.4671532846715
1,0,0,1,1,0,1,28,62.8571428571429
1,0,0,1,0,0,0,34,89.8876404494382
1,0,0,0,1,0,0,37,75.6164383561644
1,0,0,0,0,0,0,30,73.4567901234568
1,0,0,1,1,0,0,36,68.8775510204082
1,0,0,1,0,1,0,35.5099983215332,50.1432664756447
1,0,0,0,0,1,0,25,73.1428571428571
1,0,0,1,0,0,0,14,34.965034965035
1,0,0,1,0,1,0,44,41.6666666666667
1,0,0,1,0,0,0,45,114.814814814815
1,0,0,1,0,1,0,37,80.2469135802469
1,0,0,1,0,0,0,34,79.7402597402597
1,0,0,1,0,0,0,27.0400009155273,78.698224852071
1,0,0,1,0,0,0,23,63.53591160221
1,0,0,0,0,0,0,34,94.6564885496183
1,1,0,0,0,0,0,33,72.7891156462585
1,1,0,0,0,0,0,37.5,78.5714285714286
1,0,0,1,1,0,0,33.5699996948242,77.3684210526316
1,0,0,1,0,0,0,27.7900009155273,62.8571428571429
1,0,0,1,0,0,0,41,48.8888888888889
1,0,0,1,1,0,0,36.2900009155273,51.6666666666667
1,0,0,1,0,0,0,30.8799991607666,78.2352941176471
1,0,0,1,0,0,0,36.5999984741211,71.8518518518519
1,1,0,0,0,0,0,31.4899997711182,87.5912408759124
1,0,0,1,0,0,0,27.5200004577637,80.952380952381
1,0,0,1,0,0,0,35,50.3875968992248
1,0,0,0,0,0,0,33.2700004577637,71.4285714285714
1,0,0,1,0,0,0,32,46.9483568075117
0,0,0,1,0,0,0,26.4200000762939,78.3333333333333
0,0,0,1,0,0,0,33.9700012207031,50
0,1,0,1,0,0,0,33.9700012207031,50
1,0,0,1,0,0,0,36.060001373291,71.8518518518519
1,0,0,1,0,1,0,37.6800003051758,88.4057971014493
1,0,1,1,0,0,0,30.1000003814697,86.1538461538462
1,0,0,0,1,0,0,54,75
1,0,0,1,1,0,0,35.0999984741211,62.3493975903614
1,0,0,0,0,0,0,38.9000015258789,91.9230769230769
0,1,0,1,1,1,0,43,79.4044665012407
0,0,0,1,1,1,1,43,79.8004987531172
1,0,0,1,0,0,0,15,65.8064516129032
1,0,0,0,0,0,0,34,89.5833333333333
1,1,0,0,0,0,0,31,70
1,0,0,1,0,0,0,37,91.1392405063291
1,0,0,1,0,0,0,31,88.3211678832117
1,0,0,1,0,0,0,30,89.4736842105263
1,0,0,1,0,0,0,16,20.3045685279188
1,0,0,1,0,0,0,36,84.3283582089552
1,0,0,1,0,0,0,36,73.421052631579
1,1,1,1,0,0,0,30,79.0697674418605
1,0,0,1,0,0,0,40,69.5364238410596
1,0,0,0,0,0,0,37,84.1584158415842
1,0,0,1,0,1,0,28,47.3684210526316
1,0,0,1,1,0,1,43,51.4705882352941
1,0,0,1,0,0,1,36,86.3387978142077
1,0,0,1,0,1,0,24,63.1067961165049
1,0,0,1,1,1,0,47,65.1079136690647
1,0,1,0,0,0,0,8,64.3835616438356
1,0,0,1,0,0,0,24,56.6666666666667
1,0,0,1,0,0,0,22,65.3179190751445
1,0,0,1,0,0,0,14,32
1,0,0,1,0,0,0,21,28.9256198347107
1,0,0,1,0,0,0,0,62.9496402877698
0,0,0,0,0,0,0,21.0200004577637,78.3333333333333
0,0,1,1,0,0,0,37.0999984741211,89.2857142857143
1,0,0,1,1,0,0,39.4500007629395,14.7692307692308
1,0,1,1,0,0,0,5.65999984741211,69.0140845070423
0,0,1,1,0,0,0,35,88.9655172413793
1,1,0,0,0,0,0,30,62.5
1,0,0,1,0,0,0,36,80
1,0,0,1,0,0,0,28,55.1020408163265
1,0,0,1,0,0,0,26,79.6875
1,0,0,0,0,0,0,28,68.8888888888889
1,0,0,1,0,1,0,30.4400005340576,32.8947368421053
1,0,0,1,0,0,0,31.3600006103516,30.6748466257669
1,0,0,1,0,0,0,30.2299995422363,76.1904761904762
1,0,0,1,0,0,0,19.9500007629395,45.3333333333333
1,1,0,1,0,0,0,27.4500007629395,71.4285714285714
0,0,0,0,1,0,0,31.7999992370605,80.2919708029197
1,1,0,1,0,0,0,45,60
1,0,0,1,0,0,0,35.689998626709,70
1,0,0,0,0,0,0,25.3999996185303,66.3507109004739
1,1,0,0,0,0,0,24.0599994659424,40
1,0,0,1,0,0,0,28,33.8709677419355
0,0,0,0,1,1,0,41.6800003051758,118.243243243243
0,0,0,0,1,0,0,38.8600006103516,62.7272727272727
0,0,0,1,0,0,0,34.0800018310547,73.1428571428571
1,0,0,0,0,0,0,27,83.1932773109244
0,0,0,1,0,0,0,35,88.4393063583815
1,0,1,0,0,0,0,33,77.2532188841202
1,1,1,0,0,0,0,41,23.125
1,0,0,1,0,0,0,35,55.0387596899225
1,0,0,0,0,0,0,32,80
0,1,0,0,0,0,0,32,80
1,0,0,0,0,0,0,37,90.4
1,1,1,0,0,0,1,35,90.2298850574713
1,1,1,0,1,0,1,44,90.4347826086957
1,1,1,1,0,0,1,40,89.2561983471074
1,0,1,1,1,0,1,39,89.8876404494382
1,0,1,0,0,0,0,29,71.4285714285714
1,1,1,0,0,0,1,41,95.2
1,1,1,0,0,0,0,35,75.1824817518248
1,0,1,1,0,0,0,25,83.3333333333333
1,1,0,0,0,0,0,40,80
1,0,1,0,1,0,0,32,85.4748603351955
1,0,1,1,0,1,1,43,91.044776119403
1,0,1,1,0,0,1,41,89.9441340782123
1,0,0,1,0,0,0,49,88.1889763779528
1,0,1,1,0,0,0,41,90
1,0,1,0,0,0,0,28,88.75
1,0,0,0,0,0,0,41,79.3893129770992
1,0,0,1,0,1,0,26,63.716814159292
0,1,0,0,0,0,1,36.7000007629395,80.46875
1,0,0,0,1,0,0,39,21.505376344086
1,0,0,0,0,0,0,37,62.5
1,0,0,0,0,0,0,33,2
1,0,0,1,0,0,0,28,78.125
1,1,0,0,1,0,0,36,78.125
1,0,0,1,1,0,0,35,65.631067961165
1,0,0,1,0,0,0,32,78.0141843971631
1,0,0,1,0,0,0,38,20
1,0,0,1,0,0,0,35,84.7222222222222
1,0,0,1,0,0,0,36,54.726368159204
1,0,0,1,0,0,0,25,64.041095890411
1,0,1,0,1,0,0,47,88.1889763779528
0,0,0,1,0,0,0,18,78.5714285714286
1,1,0,0,0,0,0,29,73.8636363636364
1,0,0,1,0,0,0,25,65.6976744186046
1,0,0,1,0,0,0,26,60.7142857142857
1,0,0,1,0,0,0,29,39.5017793594306
1,0,0,0,0,1,0,29,71.7241379310345
1,0,0,0,0,0,0,27,74.0331491712707
1,0,0,0,0,0,0,29,63.4517766497462
0,0,1,1,0,0,1,21,61.2903225806452
1,0,0,1,1,1,0,95,54.7058823529412
1,0,0,1,0,0,0,25,93.0232558139535
1,0,0,1,0,0,0,22,61.744966442953
1,0,0,1,0,0,0,37,70.2290076335878
1,1,0,1,0,0,0,40,91.8518518518518
1,0,0,0,0,0,0,29,69.6969696969697
0,0,0,0,0,0,0,36,100
1,0,0,0,0,0,0,32,73.0337078651685
1,0,0,1,0,1,0,38,43.4782608695652
0,0,0,1,1,1,0,37,65.3266331658292
1,0,0,1,0,0,0,40,64.0167364016736
1,0,0,0,0,0,0,24,57.1428571428571
1,0,0,1,0,1,0,37,40.1459854014599
1,0,0,0,0,0,0,35,80.2919708029197
1,0,0,1,0,0,0,41,78.6885245901639
1,0,0,1,1,0,0,41,66.6666666666667
1,0,1,0,1,0,0,32,75.4098360655738
1,0,0,1,1,0,0,34,90.4
1,0,0,0,0,0,0,39,83.941605839416
1,1,0,1,0,0,0,23.8999996185303,16.2790697674419
1,0,0,1,0,1,0,33.0999984741211,40.625
1,0,0,0,1,0,0,35.5,55.5555555555556
1,0,0,1,0,0,0,40.8899993896484,89.6
1,0,0,0,0,0,0,16.5,10.2564102564103
1,0,0,1,0,0,0,30.7000007629395,49.1228070175439
1,0,0,1,0,0,0,23.5,67.9824561403509
1,0,0,1,0,0,0,31.2999992370605,55.3097345132743
1,0,0,0,0,0,0,26.6000003814697,66.9354838709677
1,0,0,1,0,1,0,23.1000003814697,74.7663551401869
1,0,0,1,0,0,0,30.3999996185303,57.8703703703704
1,0,0,1,0,0,0,34.7000007629395,52.2821576763486
1,0,0,0,1,1,0,35.0999984741211,48.4764542936288
1,0,0,1,0,0,1,32.0999984741211,94.5205479452055
1,0,0,1,0,0,0,38.0999984741211,55.3648068669528
0,0,0,0,1,0,0,47.2000007629395,86.9565217391304
0,0,1,0,1,0,0,42.5,95.1351351351351
1,0,0,1,1,0,0,31.8999996185303,79.8387096774193
1,1,0,0,0,1,0,6.98999977111816,48.0769230769231
1,0,0,1,1,0,0,34.0999984741211,93.8775510204082
1,0,0,1,0,0,0,34.9000015258789,20.4081632653061
1,0,0,1,0,0,0,33.7999992370605,86.4
1,0,1,0,0,0,0,25,79.2079207920792
1,0,1,1,0,0,0,39.5999984741211,79.81220657277
1,0,0,0,0,1,0,39,80
1,0,0,0,0,0,0,27.5,71.0659898477157
1,1,0,0,0,0,0,31.0499992370605,80.2631578947368
1,0,0,0,1,0,0,46.7999992370605,78.3783783783784
1,0,1,1,0,1,0,38.8600006103516,74.3169398907104
1,0,0,1,0,0,0,24.2000007629395,18.9189189189189
1,0,0,1,1,1,0,69.1999969482422,78.9473684210526
0,0,1,1,1,0,0,57.5999984741211,89.9280575539568
1,0,0,1,0,0,0,35.4099998474121,75
0,1,1,0,1,0,0,47.9000015258789,95.1923076923077
1,0,0,1,1,0,0,35.5999984741211,75.0877192982456
0,1,1,0,0,0,0,36.2999992370605,86.1111111111111
1,0,1,1,0,0,0,26.3999996185303,35.4838709677419
1,1,0,0,0,0,0,17.2999992370605,34.8837209302326
1,0,0,1,0,0,0,36.5,85.9375
1,0,0,0,0,0,0,40.5,79.3565683646113
1,0,0,1,0,0,0,25.2000007629395,78.2051282051282
1,1,1,0,0,0,0,24.7999992370605,68
1,1,0,0,1,0,0,39.0999984741211,27.906976744186
1,1,0,0,0,0,0,28.2999992370605,59.5959595959596
1,0,0,0,0,0,0,30.3999996185303,65.2173913043478
1,0,1,1,0,0,0,5.59999990463257,80
1,1,0,0,1,0,0,38.4000015258789,80
0,0,0,0,1,0,0,58.4000015258789,75.4601226993865
1,0,0,0,0,0,0,26.2999992370605,79.0774299835255
1,1,0,0,0,0,0,25.2700004577637,66.6666666666667
1,0,0,1,0,0,0,31.6000003814697,80.1526717557252
1,0,0,0,1,0,0,35.7999992370605,87.5
1,0,0,1,0,0,0,36.9000015258789,79.4520547945205
1,0,0,0,0,0,0,22.2000007629395,75
1,0,0,0,0,0,0,25.2999992370605,66.4516129032258
1,1,0,1,0,0,0,18.3999996185303,57.6470588235294
1,0,0,0,1,0,0,40,88.7096774193548
1,0,0,0,0,0,0,34,79.3103448275862
0,0,0,0,0,0,1,30.3700008392334,80
1,0,0,1,0,1,0,41,70.188679245283
0,0,0,0,0,0,1,18,100
1,0,0,1,0,1,0,40,71.1111111111111
1,1,0,0,1,0,0,31,77.6978417266187
1,0,0,1,1,0,0,53,46.3235294117647
1,1,1,1,0,0,0,34.5,59.3939393939394
1,0,0,0,0,0,0,32.5800018310547,78.9808917197452
1,0,0,0,0,0,0,39.2400016784668,61.3333333333333
1,0,0,1,0,0,0,22.5100002288818,35.8744394618834
1,0,0,1,0,0,1,38.1699981689453,77.5423728813559
1,0,1,0,0,0,0,33.75,90.2439024390244
1,1,0,0,0,0,0,16,91.1764705882353
0,1,1,0,0,0,0,30,111.111111111111
1,0,0,0,0,1,0,10,54.7945205479452
1,0,0,1,0,0,0,20,93.9189189189189
1,0,0,0,0,0,0,8,72.8643216080402
1,0,0,0,0,1,0,10,78.3289817232376
1,0,1,1,0,0,0,17,122.463768115942
1,0,0,0,0,0,0,29,79.7752808988764
1,0,0,0,1,0,0,37,92.2077922077922
1,1,0,0,1,0,0,36,68.1481481481482
1,0,0,1,0,0,0,25,89.2857142857143
0,0,0,1,1,0,1,36,80
1,0,0,1,1,0,0,39,89.0909090909091
1,0,1,1,0,0,0,28,79.2592592592593
1,0,0,0,1,0,0,38,77.536231884058
1,0,0,0,1,1,0,40,80
1,0,0,0,0,0,0,36,80
1,0,0,1,1,1,0,38,91.9230769230769
1,1,0,0,1,0,0,33,65.9217877094972
1,0,0,1,0,0,0,37,78.3783783783784
1,0,1,1,0,1,1,22,79.8611111111111
1,0,0,1,0,0,1,30,42.3728813559322
1,1,0,0,1,0,0,36,91.4473684210526
1,0,0,1,0,0,0,41,89.6174863387978
1,1,0,0,0,0,0,35,68.3760683760684
1,0,0,0,1,0,0,32,80
0,0,1,1,0,0,1,41,92.5925925925926
1,0,0,1,0,0,0,32,89.6969696969697
1,0,0,1,0,0,0,40,87.6923076923077
0,0,1,0,0,0,0,33,80
1,1,0,1,0,0,0,28,90.2173913043478
1,0,0,1,1,0,0,35,44
0,1,1,1,1,0,0,40,78.2608695652174
0,0,1,1,0,1,1,30,90.0804289544236
1,0,0,0,0,0,0,35,87.4418604651163
1,0,0,1,0,0,0,20,70.0808625336927
1,0,0,1,0,0,0,29,37.5
1,0,0,1,0,0,0,36,82
1,1,0,0,0,0,0,34,35.042735042735
1,0,0,1,0,0,0,26,39.6825396825397
1,0,0,1,0,0,0,28,63.8879372057327
1,0,1,1,0,0,0,37,89.1033988337237
1,0,0,1,0,0,0,43,40.1785714285714
1,0,0,1,0,1,0,27,79.7297297297297
1,1,0,0,0,0,0,28,74.5578231292517
1,1,0,1,0,0,0,27,85.1536448732447
1,1,0,0,0,0,0,36,63.9713428375133
1,0,0,1,1,0,0,35,62.5
1,1,0,0,1,0,0,33,85.8922030309452
1,0,0,1,0,0,0,32,74.3243243243243
1,0,0,1,0,0,0,23,50
1,0,0,1,0,0,0,37,48.7156769323807
1,0,0,1,0,0,0,33.1199989318848,68
0,0,0,0,0,0,0,35.1300010681152,54.2857142857143
1,0,0,1,0,0,0,45.7000007629395,75.2631578947368
1,0,0,1,0,0,0,35.2400016784668,90.2985074626866
0,0,0,0,0,0,0,41.689998626709,92.3076923076923
1,1,0,1,0,0,0,21.9099998474121,79.4871794871795
0,0,0,0,0,1,0,20.5200004577637,60.2564102564103
1,1,0,0,1,0,0,46.1100006103516,78.448275862069
1,0,0,1,1,0,0,34.6599998474121,57.6036866359447
1,0,0,1,0,0,0,31.6700000762939,72.1649484536082
1,0,0,1,0,0,0,37.2799987792969,89.84375
1,1,0,0,1,0,0,66.0999984741211,43.3566433566434
1,0,0,1,0,0,0,35.6199989318848,84.7222222222222
1,0,1,1,0,0,0,37.4500007629395,89.5833333333333
0,0,0,1,0,0,0,31.3999996185303,75.3968253968254
0,0,0,0,0,0,0,38.3899993896484,95
1,0,0,1,0,0,0,36.1399993896484,78.448275862069
1,0,1,1,0,1,0,29.2199993133545,71.1026615969582
1,1,0,0,0,1,0,26.6399993896484,25.3164556962025
1,0,0,1,0,0,0,32.2099990844727,74.8387096774194
1,0,1,1,0,0,0,23.1100006103516,83.8235294117647
1,1,0,0,1,0,0,36.4500007629395,76.2962962962963
1,0,0,1,0,0,0,42.6599998474121,81.8181818181818
1,0,0,1,0,1,0,28.9799995422363,77.2727272727273
1,1,1,0,1,0,1,81.4199981689453,51.6528925619835
1,0,1,0,1,1,0,37.1399993896484,86.4864864864865
1,0,0,1,0,0,0,29.6399993896484,89.6341463414634
1,0,1,1,0,0,0,35.3499984741211,80.4469273743017
1,0,1,1,0,0,0,34.75,78.9115646258503
1,0,1,0,1,0,0,49.9700012207031,93.854748603352
1,0,0,1,0,0,0,37.4300003051758,55.5555555555556
1,0,1,1,1,0,0,46.7700004577637,87.431693989071
0,0,0,0,0,1,0,10.4300003051758,66.6666666666667
1,1,0,1,1,0,0,32.2799987792969,86.4
1,0,0,0,0,0,0,29.3199996948242,89.9159663865546
1,1,0,1,1,0,0,33.560001373291,87.8048780487805
0,0,1,1,0,0,0,41.6699981689453,75
1,0,0,1,0,0,0,25.75,62.5
1,0,0,1,0,0,0,35.7700004577637,65.5502392344498
0,0,0,1,1,0,0,46.6800003051758,59.1715976331361
1,0,1,1,0,0,0,21.6000003814697,32.3741007194245
1,0,0,1,0,1,0,27.7000007629395,58.59375
1,0,0,1,0,0,0,27,65.1162790697674
1,0,0,1,0,0,0,32,70.7692307692308
1,1,0,0,0,0,0,25,68.1818181818182
0,0,0,1,0,0,0,50.5,64.1350210970464
1,0,1,1,0,0,0,32,40.1234567901235
0,0,1,0,1,1,1,35.5,68.75
1,0,1,1,0,0,0,41,89.908256880734
1,1,0,0,0,0,0,31,89.6551724137931
0,0,1,1,1,0,0,51,100
1,1,0,0,0,0,0,30,47.945205479452
1,1,0,0,0,0,0,19,18.4794092544317
1,0,1,1,0,0,0,18,80.2816901408451
1,0,0,1,0,0,0,8,11.1111111111111
1,0,0,1,1,0,0,36,73.6842105263158
1,0,0,1,0,0,0,14,80
1,0,0,1,0,0,0,34,79.3939393939394
1,0,0,1,0,0,0,34,55
1,0,1,1,0,0,0,32,80
1,0,0,1,0,0,0,19,15.4285714285714
1,0,0,1,0,0,0,32,48.2758620689655
1,0,0,0,1,0,0,73,60.6060606060606
1,0,1,1,1,0,0,58,80
1,0,0,0,0,0,0,30,79.5774647887324
1,0,0,1,0,0,0,14,86.9894119929699
1,0,0,1,0,1,0,26,13.5135135135135
1,0,0,1,1,0,0,43,35
1,0,0,1,0,0,0,47,100
1,0,1,1,0,0,0,25,80
1,0,0,1,0,0,0,30,78.125
1,0,0,1,0,0,0,27,69.5652173913043
1,0,0,1,0,0,0,36,38.8888888888889
1,0,0,1,0,0,0,24.8999996185303,23.6486486486486
1,0,0,1,0,0,0,21.6000003814697,51.8518518518518
0,0,0,1,1,0,0,116,75.2688172043011
1,0,0,1,0,1,0,36,61.5384615384615
1,0,0,1,0,0,0,27.7999992370605,40
1,0,0,1,0,0,0,32,74.4827586206897
1,0,0,1,0,0,0,28.7999992370605,74.7826086956522
1,0,0,1,1,1,0,48.2999992370605,74.6666666666667
1,0,0,1,0,0,0,31.2000007629395,63.1578947368421
1,0,0,0,0,0,0,29.7000007629395,57.4468085106383
1,1,0,0,1,0,0,34.4000015258789,70
1,0,0,1,0,0,0,36.2000007629395,49.0196078431373
1,0,0,1,0,0,0,28.5,58.679706601467
1,0,0,1,0,0,0,32.2999992370605,75
1,0,0,1,0,1,0,40.4000015258789,79.9145299145299
1,0,1,1,0,0,0,31.6000003814697,89.622641509434
1,0,1,1,0,0,0,34.7999992370605,80
1,0,0,0,0,0,0,28.7999992370605,74.0740740740741
1,0,0,1,1,0,0,35.7999992370605,68.75
1,0,0,1,0,0,0,29,74
1,0,0,1,1,0,0,35,90.0900900900901
1,0,0,1,0,0,1,34,77.5757575757576
1,0,0,1,0,0,0,36,74.5454545454545
0,0,0,1,0,0,1,27,72.5609756097561
0,0,1,1,0,0,1,45,88.780487804878
1,1,0,1,0,0,0,32,85
1,0,0,0,1,0,0,33,78.5714285714286
1,1,0,1,0,0,1,46,85.1612903225806
1,1,0,0,1,0,0,35,80.2197802197802
1,0,0,0,1,0,0,35,77.4193548387097
1,0,0,1,0,1,0,39,69.8412698412698
1,0,0,1,1,0,0,46,61.5384615384615
1,1,0,1,0,0,0,38,79.0697674418605
1,0,0,1,0,0,0,27,80
1,0,0,1,1,0,0,38,78.8059701492537
1,0,0,1,0,0,0,22,45.1612903225806
1,0,0,0,0,0,0,38,84.5161290322581
1,0,0,1,0,0,0,37,68.421052631579
1,0,0,1,1,0,0,37,85.3846153846154
1,0,0,1,0,0,0,28,76
1,0,0,0,0,0,0,25,69.2307692307692
1,0,0,1,0,0,0,26,20.8333333333333
1,0,0,1,0,0,0,27,93.75
1,1,0,0,1,0,0,38,71.5384615384615
1,0,0,1,1,0,0,35,75.1515151515151
1,0,0,1,0,0,0,25,79.8245614035088
1,0,0,1,1,0,0,38,79.6261682242991
1,1,0,1,0,0,0,37,87.5
1,0,0,0,0,0,0,27,62.0689655172414
1,0,0,1,0,0,0,24,78.7564766839378
1,0,0,1,0,0,0,36,67.5
1,0,0,0,0,0,0,23,61.9469026548673
1,0,0,1,1,0,0,33,71.3333333333333
1,1,0,1,0,1,0,28,60
1,0,0,0,0,0,0,33,75.7575757575758
0,0,0,0,0,1,0,37,95.3333333333333
1,0,0,1,0,0,0,32,91.8518518518518
1,0,0,0,0,0,0,27,69.672131147541
1,0,0,1,0,0,0,28,95.1388888888889
1,0,0,1,0,0,0,39,95.2380952380952
1,0,0,1,1,0,0,38,93.8931297709924
1,0,0,1,1,0,0,38,80
0,0,0,0,1,0,0,38,94.7826086956522
0,0,1,1,0,0,0,30,90.4
1,0,1,1,0,0,0,39,85.7142857142857
1,0,0,1,0,0,0,34,63.1970260223048
1,0,0,1,0,1,0,19,34.0425531914894
1,0,0,1,0,0,1,34,57.5384615384615
1,1,0,0,1,0,0,33,51.8134715025907
1,0,0,1,0,1,0,31,75
1,0,1,1,0,0,0,29,80
1,0,0,1,0,0,0,20,40.9356725146199
1,0,0,1,1,0,0,45,54.5454545454545
1,0,0,1,0,0,0,32,78.8888888888889
1,0,0,1,0,1,0,20,77.7777777777778
1,0,0,1,0,1,0,27,79.6511627906977
1,0,0,1,0,1,0,15,85.7142857142857
1,0,0,1,0,1,0,10,80
1,0,0,1,0,0,0,38,56.2913907284768
1,0,0,1,0,0,0,22,79.3814432989691
1,0,0,1,0,1,0,22,60.3351955307263
1,0,0,1,0,1,0,13,80
1,0,0,0,0,0,0,7,51.219512195122
0,0,0,0,0,0,0,36,59.1054313099042
0,0,0,0,0,0,0,36,59.1054313099042
1,0,0,1,0,0,0,24.6499996185303,79.5652173913043
1,0,0,1,0,0,0,21.8999996185303,58.1818181818182
0,0,0,1,0,0,0,31.2999992370605,94.2857142857143
1,0,0,1,0,1,0,37.7000007629395,75.3012048192771
1,0,0,0,0,1,0,12.1000003814697,76.7123287671233
1,0,0,1,0,0,0,31.8999996185303,75.4098360655738
1,0,0,1,0,0,0,35.7000007629395,69.7761194029851
1,0,0,0,0,1,0,37.7999992370605,76.1467889908257
1,0,0,1,0,0,0,29.2999992370605,89.7727272727273
1,0,0,1,0,0,0,38.0999984741211,77.1812080536913
1,1,0,0,0,0,0,23.2999992370605,68.5975609756098
1,0,0,0,0,0,0,28.7000007629395,55.5555555555556
1,0,0,1,0,1,0,24.5,70.4225352112676
1,0,0,1,0,0,0,29.5,89.7435897435898
1,0,0,1,0,0,0,39.2999992370605,76.6423357664234
1,0,0,1,0,0,0,33,64.9350649350649
1,1,0,1,0,0,0,29.7999992370605,17.8571428571429
1,0,0,1,1,0,0,40.2999992370605,79.8107255520505
1,0,0,1,1,0,0,38.5999984741211,86.2068965517241
0,1,1,0,0,0,0,38.2000007629395,95
1,0,0,1,0,0,0,35.2000007629395,62.7615062761506
1,1,0,0,0,0,0,30.6000003814697,57.1428571428571
1,0,0,1,1,0,0,40.0099983215332,76.7045454545455
1,0,0,1,0,0,0,27,94.488188976378
1,0,0,0,0,0,0,38.5,80.0539083557951
1,0,0,1,0,0,0,21.2000007629395,87.5486381322957
1,0,0,1,0,0,0,17.5,79.0540540540541
1,1,0,0,0,0,0,29.9599990844727,42.962962962963
1,0,1,1,0,0,0,29.1800003051758,84.8
1,0,0,1,0,0,0,25.7999992370605,75
1,0,1,1,0,0,0,14.6000003814697,80.2631578947368
1,0,0,1,0,0,0,26.6000003814697,41.1522633744856
1,0,0,0,0,0,0,24.2999992370605,58.4362139917695
1,0,0,1,0,0,0,15.5,80
1,0,0,1,0,0,0,30,80
1,0,0,1,1,0,0,39.9000015258789,57.4712643678161
1,0,0,0,0,0,0,24.7399997711182,79.7356828193833
1,0,1,1,0,1,0,39.5,78.4313725490196
1,1,0,0,0,0,0,36,80
0,0,0,1,1,1,0,43,64.2317380352645
1,0,0,1,0,0,0,39,80
1,0,0,1,0,0,0,33,75.8620689655172
1,0,0,1,0,1,0,35,62.0689655172414
1,0,0,1,0,0,0,33,80
1,0,0,1,1,0,0,43,31.6091954022989
1,1,0,0,0,0,0,29,62.5
1,0,0,1,0,0,0,28,78.3582089552239
1,0,0,0,0,0,0,40,60.4166666666667
1,0,0,1,0,0,0,37,78.6885245901639
1,0,0,1,1,0,0,33,51.2820512820513
1,0,0,1,0,0,0,28,79.6875
1,0,0,1,1,0,0,36,63.1067961165049
1,0,1,1,0,0,0,44,80
1,0,0,0,0,1,1,45,87
1,0,0,1,0,0,0,30,50
1,1,0,0,0,1,0,38,35.3982300884956
1,0,0,0,0,0,0,29,33.3333333333333
1,0,0,1,1,1,0,33,57.6923076923077
1,0,0,1,0,0,1,21,46.2962962962963
1,0,1,1,0,0,0,31,71.2328767123288
1,0,1,0,0,0,0,19,66.3366336633663
1,1,1,0,1,0,0,36,61.1111111111111
1,1,1,1,0,0,0,35,68.8372093023256
1,0,1,0,0,0,0,37,88.7323943661972
1,1,0,0,0,0,0,34,79.2307692307692
1,0,0,1,0,0,0,33,80
1,1,1,0,0,0,0,35.3499984741211,70.1923076923077
1,0,1,0,0,0,0,36,66.3366336633663
1,1,0,0,0,0,0,31,47.0238095238095
1,1,0,0,1,0,0,34.5800018310547,56.5217391304348
1,0,1,1,1,1,0,42,94.0909090909091
1,0,1,1,0,0,0,27.1200008392334,60.952380952381
1,0,1,1,0,0,0,23.9899997711182,67.906976744186
1,1,1,0,0,0,0,29,90
1,0,1,0,0,0,0,38,100
1,1,1,0,0,0,0,35,61.5384615384615
1,1,0,0,0,0,0,33,60.5769230769231
1,0,1,1,0,0,0,24,88.4615384615385
1,1,1,0,0,0,0,28.0900001525879,87.6190476190476
1,1,0,0,1,0,0,32,73.2283464566929
1,1,1,1,0,0,0,16,72
1,0,1,1,0,1,0,25,80
1,1,0,0,1,1,0,35,80
1,1,1,0,0,0,0,38,52.3529411764706
1,1,1,0,1,0,0,32,80.952380952381
1,1,1,0,0,0,0,35,77.2727272727273
1,1,1,0,0,0,0,27,72.1461187214612
1,0,1,1,0,0,0,21,81.1428571428571
1,0,1,1,0,0,0,25,90.4761904761905
1,0,1,1,0,0,0,29,101.398601398601
1,1,1,0,0,0,0,27.1200008392334,64.7619047619048
1,1,1,0,0,0,0,32,84.7619047619048
1,1,1,0,0,0,0,31,77.1428571428572
1,1,1,0,0,0,0,37,81.9047619047619
1,1,1,0,1,0,0,58,81.9047619047619
1,1,1,1,0,0,0,33,85.981308411215
1,0,1,0,0,0,0,16,84.0625
1,1,1,0,1,0,0,38,80
1,0,1,1,1,0,0,34,72.7272727272727
1,0,1,1,0,0,0,33,64.7887323943662
0,0,1,1,0,0,0,39,93.437150805631
0,0,1,1,0,0,0,45,94.8453608247423
0,0,1,0,1,0,0,51,94.1176470588235
0,0,1,1,1,0,1,43,79.4392523364486
0,1,1,0,0,0,0,31,80.952380952381
0,0,1,0,1,0,0,46,31.578947368421
0,1,1,0,0,0,1,24,97.8260869565217
1,1,1,1,0,0,0,22,195
0,0,1,1,0,0,0,22,95
0,0,0,0,1,0,0,66,90.2564102564103
0,0,1,1,0,0,0,59,94.1176470588235
0,1,1,0,1,0,1,35,94.059405940594
0,1,1,0,1,0,0,52,94.9640287769784
0,0,1,1,0,0,0,42,87.8571428571429
0,0,1,1,1,0,1,41,99.3873424548141
0,1,1,1,1,0,0,46,71.4285714285714
0,0,1,1,0,0,0,30,66.6666666666667
0,0,1,0,0,0,0,25,44.8
0,1,1,0,0,0,1,39,75.2688172043011
0,0,0,1,1,0,0,41,85.9375
0,1,1,0,0,0,0,26,75
0,0,1,0,0,0,0,36,85
0,1,1,0,1,0,0,39,89.7097625329815
0,0,1,1,1,0,1,40,34.6846846846847
0,0,1,0,0,0,1,25.2999992370605,81.7307692307692
0,0,1,1,0,0,0,48,64.8148148148148
0,1,1,0,1,0,0,83,94.5578231292517
0,0,1,1,0,0,0,34,97.6470588235294
1,0,0,1,0,0,0,26,55.2147239263804
0,1,0,0,0,1,0,28,83.0769230769231
0,0,0,0,0,0,0,34,80.3571428571429
1,0,0,0,0,0,0,37,69.672131147541
0,0,0,1,0,1,0,23,60.8391608391608
1,0,0,1,0,0,0,31,81.8181818181818
1,0,0,1,0,0,0,36,64.6017699115044
1,0,0,1,1,0,0,41,73.469387755102
1,0,0,0,0,0,0,31,79.8387096774193
1,0,0,1,1,0,0,44,67.3575129533679
1,0,0,1,0,0,0,37,22.4719101123595
1,0,0,1,1,0,0,39,50
1,0,0,1,0,0,0,38,66.6666666666667
1,1,0,0,0,0,0,45,30.7692307692308
1,0,0,1,1,0,0,34,63.6942675159236
1,0,1,0,0,0,1,35,80
1,0,1,1,0,0,0,29,80
1,1,0,0,0,0,0,34,80
1,1,0,1,1,0,0,36,66.996699669967
0,0,0,1,1,0,1,54,95.6140350877193
1,0,0,1,0,0,0,35,80
1,0,0,1,0,0,0,33,79.5348837209302
1,0,0,1,0,0,0,35,79.5348837209302
1,0,0,1,0,0,0,31,65.2849740932643
0,0,0,1,0,0,0,25,79.7546012269939
1,0,0,1,0,0,0,37,81.1594202898551
1,0,0,1,0,0,0,27,89.3939393939394
1,0,0,1,0,0,0,27,42.6470588235294
1,0,0,1,0,0,0,36,79.3103448275862
1,0,0,1,0,0,0,21,60
1,0,0,0,0,0,0,30,90
1,0,0,1,0,0,0,34,87.8571428571429
1,0,0,1,0,1,0,29,79.5
1,0,0,0,0,0,0,40,94.4
1,0,0,1,0,0,0,30,73.125
1,0,1,1,0,0,0,32,93.7888198757764
1,0,0,0,0,0,0,26,18.8524590163934
1,0,0,1,0,0,0,28,90.2857142857143
1,0,0,1,0,0,0,39,65.5737704918033
1,0,0,1,0,0,0,22,88.7417218543046
1,0,0,1,0,0,0,28.1000003814697,58.9285714285714
1,1,0,1,1,0,0,35,88.3870967741936
1,0,0,1,0,0,0,36.2000007629395,94.7368421052632
1,0,0,0,0,0,0,34.4799995422363,90
1,0,0,1,0,1,0,36.4000015258789,92.5742574257426
1,0,0,1,0,0,0,17.6000003814697,76.4444444444444
1,1,0,1,1,0,0,37.4000015258789,93.3333333333333
1,0,0,1,1,0,0,35.9000015258789,84.2105263157895
1,1,0,0,0,0,0,28.3999996185303,35.7512953367876
1,0,0,0,1,0,0,33.6100006103516,79.2452830188679
1,0,1,1,0,0,1,25.5,79.1489361702128
1,0,0,0,1,0,0,31.1100006103516,90
1,0,0,1,0,0,0,32.5999984741211,93.0232558139535
1,1,0,0,1,0,0,32.810001373291,79.7101449275362
1,0,0,1,0,0,0,38,73.8255033557047
1,0,0,1,1,0,0,32.2000007629395,80
0,0,0,1,0,0,0,31.6000003814697,66.1764705882353
1,1,0,0,0,0,0,22.5,96.6292134831461
1,0,0,0,0,0,0,22.3600006103516,94.3181818181818
1,0,0,0,0,0,0,22.2999992370605,68.75
1,1,0,0,0,0,0,16.8999996185303,94.3181818181818
1,1,0,0,1,1,0,42.2000007629395,70.5202312138728
1,0,0,1,0,0,0,32.6199989318848,38.4615384615385
1,0,0,1,0,0,0,31.8999996185303,50
1,1,0,0,1,1,0,44,65.034965034965
1,0,1,1,0,0,0,38.2000007629395,80
1,0,0,1,0,0,0,30.3999996185303,87.9518072289157
1,1,0,0,0,1,1,34,29.4117647058824
1,0,0,0,0,0,0,32.2000007629395,78.7234042553192
1,0,0,1,1,0,0,37.9000015258789,79.4871794871795
1,0,0,1,1,1,1,65,57.1428571428571
1,1,0,0,1,0,0,31.8999996185303,58.3333333333333
1,0,0,1,0,0,0,40.75,70.4347826086957
1,0,0,0,0,0,0,35.9199981689453,87.3015873015873
1,0,0,1,0,0,0,19.5599994659424,56.25
1,1,0,0,0,0,0,29.6000003814697,69.9481865284974
1,0,0,0,0,0,0,35.7000007629395,92.156862745098
1,0,0,0,0,0,0,36.2000007629395,94.7826086956522
1,1,0,0,0,0,0,30.6000003814697,71.1864406779661
1,1,0,0,0,0,0,27.5,90
1,0,0,1,1,0,0,30.7399997711182,57.5384615384615
1,0,0,0,0,1,0,32.4000015258789,75.4385964912281
1,0,0,1,0,0,0,22.7999992370605,29.0697674418605
1,0,1,1,1,0,0,37.4900016784668,87.843137254902
1,0,0,1,0,0,0,40.2999992370605,52.4444444444444
1,0,0,1,0,0,0,45.4000015258789,66.6666666666667
1,0,0,1,0,0,0,27.7999992370605,51.1627906976744
1,0,0,1,0,0,0,28.7299995422363,76.1904761904762
1,0,0,1,0,0,0,26.6000003814697,89
1,0,0,0,0,0,0,33.4000015258789,89.047619047619
1,0,0,0,0,0,0,17.3999996185303,42.9885057471264
1,0,0,1,0,0,0,33.2999992370605,77.5
1,0,0,1,1,0,0,33.2999992370605,46.4285714285714
1,1,1,1,0,0,0,38.2000007629395,83.7037037037037
1,0,0,1,0,0,0,16.3999996185303,32.4090121317158
1,1,0,0,0,0,0,24.1000003814697,69.7674418604651
1,0,0,0,0,0,0,29.7000007629395,61.8556701030928
1,1,0,0,0,0,0,32.2999992370605,61.5384615384615
1,0,0,1,0,0,0,29,77.4193548387097
1,0,0,1,0,0,0,34.0999984741211,86.875
1,0,1,1,1,1,0,38.2000007629395,75.1515151515151
1,1,0,0,1,0,0,41.4000015258789,76.7741935483871
1,0,0,1,0,0,0,26.6000003814697,89.4409937888199
1,0,0,0,0,0,0,25.9400005340576,66.5116279069767
1,0,0,1,0,1,0,48.9900016784668,63.2701421800948
1,0,0,1,0,0,0,26.6000003814697,54.7945205479452
1,0,0,1,0,0,0,22.1000003814697,75.8196721311475
1,0,0,1,1,0,0,40.3699989318848,80
1,0,0,1,0,0,0,21,47.6190476190476
1,1,0,0,0,0,0,30.3999996185303,80
1,1,1,0,1,0,0,38.9000015258789,78.3783783783784
1,0,0,1,0,0,0,37.5,77.9874213836478
1,0,0,0,0,0,0,32.2999992370605,70.8860759493671
1,0,0,1,0,0,0,31.8999996185303,46.6666666666667
1,1,0,1,0,0,0,30.2000007629395,77.4468085106383
1,0,0,0,1,0,0,36.1399993896484,82
1,1,0,1,0,0,0,30,88.3870967741936
1,0,0,1,0,0,0,20.8999996185303,72.7272727272727
1,1,1,0,0,0,1,40.0999984741211,88.0952380952381
1,0,0,1,0,0,1,33,79.8611111111111
1,0,0,1,0,0,0,30.3999996185303,66.6666666666667
1,0,0,1,0,0,0,14.6000003814697,76.8211920529801
1,0,0,0,0,0,0,37,89.041095890411
1,0,0,1,0,0,0,24,63.0434782608696
1,0,0,1,0,0,0,21,21.0526315789474
1,1,0,1,0,0,0,26,79.7202797202797
1,0,1,0,1,0,0,38,75.5555555555556
1,0,0,1,0,0,0,26,78.4810126582278
1,0,0,1,0,1,1,18,55.4347826086957
1,0,0,1,0,0,0,24,56.8181818181818
1,1,0,0,0,0,0,28,90.9090909090909
1,0,0,1,0,0,1,25,82.9545454545455
1,1,0,0,1,0,0,45,50.3703703703704
1,1,0,0,0,0,0,30,72
1,0,0,1,0,0,0,34,84.2465753424658
1,0,0,0,0,0,0,30,75
1,1,0,0,0,0,0,28,73.6
1,0,0,1,0,0,0,38,63.3484162895928
0,0,0,1,1,0,0,34,80
1,0,0,1,0,0,0,35,90.7975460122699
1,0,0,0,0,0,0,33,80
1,0,0,0,1,0,0,32,86.1788617886179
1,0,0,0,0,0,0,22,77.7027027027027
1,0,0,0,0,0,0,30,80
1,0,0,1,0,0,0,26,53.7037037037037
1,0,0,0,0,0,0,34,73.1707317073171
1,1,0,0,0,0,0,28,78.6516853932584
1,1,0,0,1,1,0,33,90
1,0,0,1,1,0,0,40,91.25
1,0,0,1,0,0,0,26,85.1851851851852
1,0,0,1,0,0,0,20,46.3709677419355
1,1,1,0,0,0,0,34,86.8421052631579
1,0,0,1,0,0,0,33,37.7358490566038
1,0,0,1,0,0,0,35,94.7761194029851
1,0,0,0,0,0,0,36,94.7368421052632
1,1,0,0,0,0,0,32,57.3684210526316
1,0,0,1,0,0,0,32,49
1,0,0,1,0,1,0,22,89.1304347826087
1,0,0,1,0,0,0,28,48.0851063829787
1,0,0,1,0,0,0,28,94.9275362318841
1,1,0,0,0,0,0,31,74.3589743589744
1,0,0,1,0,0,0,37,78.5714285714286
1,0,1,1,0,0,0,32,90.983606557377
1,0,0,1,0,0,0,39,50.5434782608696
1,0,0,1,0,0,0,39,89.8809523809524
1,0,0,0,0,0,0,18,55.793991416309
0,1,0,0,0,0,0,38,87.3134328358209
1,1,0,0,1,0,0,38,79.6992481203008
1,1,0,0,0,0,0,26,73.9583333333333
1,0,0,0,1,1,1,36,92.2764227642276
1,0,0,0,0,0,0,27,22
1,0,0,1,0,1,0,24,69.2592592592593
1,0,0,0,0,0,0,28,79.6296296296296
1,0,0,1,0,0,0,39,47.6190476190476
1,0,0,1,0,0,0,38,69.3333333333333
1,0,0,1,0,0,0,15,21.4285714285714
1,0,1,1,0,0,1,22,79.0123456790123
1,0,0,1,0,0,0,23,84.6153846153846
1,0,0,1,0,1,0,20,83.9285714285714
1,0,0,1,0,1,0,32,90.2027027027027
1,0,0,1,0,0,0,35,80
1,0,0,0,1,0,0,46,77.1428571428572
1,0,0,1,0,0,0,21,89.247311827957
1,0,0,1,0,0,0,31,90.2702702702703
1,0,0,0,0,1,0,29,80
1,0,1,0,0,0,0,31,90.4761904761905
1,0,0,1,0,1,0,33,80
1,0,0,1,0,0,0,33,80
1,0,0,1,0,0,0,43,50
1,0,0,1,1,0,0,37,77.5
1,1,0,0,1,0,0,34,77.4647887323944
0,1,0,0,1,0,0,43,88.8157894736842
0,0,0,0,1,0,0,36,83.5526315789474
0,0,0,1,1,0,0,78,90
1,1,0,0,0,0,0,38,68.75
1,0,0,1,1,0,0,37,64.9305555555556
1,0,0,1,1,0,0,37,14.9305555555556
1,0,0,1,0,0,0,42,65.4545454545455
1,0,0,1,0,0,0,33,79.5031055900621
1,1,1,0,0,0,0,41,85.2564102564102
1,0,1,1,1,0,0,38,79.7202797202797
1,1,0,0,1,0,0,33,77.4193548387097
1,0,0,0,1,1,0,39,80
0,0,1,0,0,0,0,27,80
1,0,1,1,0,0,1,45,80
0,1,1,0,0,0,1,63,78.8888888888889
0,0,0,1,1,0,0,43,80.3782496245274
1,0,1,0,0,0,0,31,81.25
1,1,1,0,0,0,1,33,80
0,1,1,0,1,0,0,38,79.8449612403101
0,1,1,1,0,0,0,37,80.5755395683453
0,1,1,0,0,1,1,21,80.4123711340206
1,1,1,0,0,0,0,21,80
1,0,1,1,0,0,1,23,100
0,1,0,0,1,1,0,57,102.857142857143
1,1,0,0,0,0,0,27,80
1,0,0,1,0,0,0,33,100
1,0,0,1,0,1,0,47,70.1559020044543
1,0,0,0,0,0,0,32,73.5981308411215
1,0,0,1,0,0,0,29,91.006711409396
1,0,0,1,0,1,0,47,39.3982808022923
1,0,1,1,0,0,0,30,74.7169811320755
1,0,0,1,0,0,0,53,66.5322580645161
1,0,0,1,1,0,0,31,80.3738317757009
1,0,0,1,0,0,0,39,74.8427672955975
1,0,0,1,0,0,0,36,84
1,0,0,0,0,0,0,42,79.5744680851064
1,0,0,1,0,0,0,36,89.937106918239
1,1,0,0,0,0,0,35,72.972972972973
1,0,0,0,0,0,0,26,84.2342342342342
1,0,0,1,0,0,0,22,46.3157894736842
1,0,0,1,0,0,0,14,26.1538461538462
1,0,0,1,0,0,0,32,79.7029702970297
1,1,0,0,0,0,0,28,74.2990654205608
1,1,1,0,0,0,0,37,77.1428571428572
1,0,0,1,0,1,0,28,74.8
1,0,0,0,0,0,0,29,47.9674796747967
1,0,1,1,0,0,0,27,80.3571428571429
1,0,0,0,0,0,0,25,80.3030303030303
1,0,0,1,0,0,0,26,80
1,0,0,1,0,0,0,30,37.037037037037
0,0,0,1,0,0,0,50,79.8761609907121
1,0,0,1,0,0,0,38,78.8461538461538
1,0,0,1,0,0,0,40,83.8187702265372
1,0,0,1,0,0,0,34,79.2134831460674
1,0,0,1,1,0,0,32,79.2452830188679
1,1,0,1,0,0,0,26,70.5882352941177
1,0,0,1,0,1,0,20,50.8474576271186
1,1,0,1,0,0,0,29,84.4036697247707
1,1,0,0,0,0,0,32,89.9280575539568
0,0,1,0,1,0,0,39,79.9485861182519
1,0,0,0,0,0,0,19,74.375
1,0,0,1,1,0,0,37,89.8550724637681
1,0,0,1,0,0,0,41,55.5555555555556
0,0,0,0,0,0,0,38,79.4642857142857
1,0,0,1,0,0,0,33,88
1,0,1,0,1,0,0,42,79.8076923076923
1,1,0,0,0,0,0,34.9000015258789,90.9248328262156
1,0,0,1,1,0,0,38.4000015258789,43.1372549019608
1,0,0,1,0,0,0,31,49.5049504950495
1,0,0,0,0,1,0,27,18.4049079754601
1,0,0,1,0,0,0,39.5999984741211,28.169014084507
1,0,0,1,0,0,0,26,46.8085106382979
1,0,0,1,1,0,0,36.9000015258789,91.8518518518518
0,0,0,1,0,0,0,31,100
1,0,0,1,1,0,0,35.2999992370605,42.8571428571429
1,0,0,1,0,0,0,27.6000003814697,46.448087431694
1,0,0,1,1,0,0,31,29.7619047619048
1,0,0,0,1,0,0,38,88.0952380952381
1,0,0,1,0,1,0,37,76.9230769230769
1,0,0,1,0,0,0,36,90.4761904761905
1,0,0,1,0,0,0,35,91.3793103448276
1,0,0,0,1,0,0,36,89.7959183673469
1,0,0,1,0,0,0,39.5999984741211,78.9473684210526
1,0,1,1,0,0,0,40,84.7826086956522
1,0,0,0,0,0,0,36,88.8888888888889
1,0,0,1,1,0,0,36,83.1081081081081
1,0,0,0,0,0,0,27,50
1,0,0,1,0,0,0,31,80.2631578947368
1,0,0,1,0,0,0,34,80
1,0,0,1,0,0,0,29,90
1,0,0,1,1,0,0,42,77.5862068965517
0,0,0,1,1,1,0,300,57.1428571428571
1,0,0,0,0,1,0,33,80.7142857142857
1,0,0,0,0,0,0,32,90
0,0,0,1,0,0,1,30,80
1,1,1,1,0,0,0,24,87.1428571428571
1,0,0,1,0,0,0,29,94.4444444444444
1,0,0,1,0,0,0,28,62.962962962963
1,1,1,1,0,0,0,37,92.8571428571429
1,0,0,1,1,0,0,37,84.3023255813954
1,0,0,0,0,0,0,19,42.8571428571429
1,1,0,1,0,0,0,36,54.945054945055
1,1,0,0,1,0,0,83,71.6292134831461
1,0,1,0,0,0,1,37,95.6521739130435
1,0,0,0,0,0,0,29,40.625
1,1,1,0,1,0,0,37,90
1,0,0,1,0,0,1,21,55.5555555555556
1,0,0,0,0,0,0,21,55.1470588235294
1,0,0,0,0,0,0,29,33.3333333333333
1,0,0,0,0,0,0,21,95.2941176470588
1,1,0,0,1,0,0,42,80
1,0,0,1,0,0,0,22,68.75
1,0,0,1,0,0,0,27,69.8224852071006
1,1,1,0,1,0,0,43,95.2380952380952
0,0,0,1,0,0,1,37,89.6774193548387
1,1,0,0,0,0,0,29,95
1,0,0,1,0,0,0,17,3.15106580166821
1,0,0,0,0,0,0,34,90.1315789473684
1,1,0,1,0,0,0,16,36
1,0,0,1,0,0,0,13,52.6315789473684
1,0,0,1,0,0,0,31,60.9418282548476
1,0,0,1,0,1,0,23,72.1476510067114
1,1,0,0,0,0,0,20,80
1,0,0,1,0,0,0,21,29.8507462686567
1,0,0,1,0,0,0,24,77.3480662983425
1,0,0,1,0,0,0,22,50
1,1,0,0,0,0,0,25,58.8235294117647
1,0,1,0,0,0,0,29,100.103197598087
1,0,0,0,0,0,0,34,83.2
1,0,0,1,1,0,0,40,43.6681222707424
1,0,0,1,0,0,0,29,66.6666666666667
1,1,0,1,0,0,0,29,69.9300699300699
1,0,1,1,0,0,0,14,27.906976744186
1,0,0,1,1,0,0,41,100
1,0,1,0,0,0,0,37,86.9565217391304
1,1,1,0,1,0,0,43,95.2380952380952
1,0,0,1,0,0,0,26,90.2857142857143
1,1,0,0,0,0,0,23,95.2941176470588
1,0,0,1,0,0,0,21.7000007629395,63.8888888888889
1,1,0,0,1,0,0,37,73.1707317073171
1,0,0,1,0,0,0,33.2000007629395,90
1,0,0,0,0,1,0,30,78.6885245901639
1,0,0,1,0,0,0,37.0999984741211,68.8405797101449
1,0,0,1,0,0,0,35,83.9378238341969
1,0,0,0,0,0,0,17,22.8758169934641
1,0,0,1,0,0,0,26.1800003051758,73.75
1,0,0,1,0,0,0,21.8999996185303,74.3243243243243
1,0,0,1,1,0,0,34.7999992370605,80
1,0,1,1,0,0,0,37.7000007629395,74.7899159663866
1,0,1,1,1,0,0,34.2999992370605,90.7390071238846
1,0,0,1,1,0,0,36,67.8294573643411
1,0,0,1,0,0,0,43,53.7414965986395
1,1,0,1,0,0,0,27,19.7594501718213
1,0,0,1,0,0,0,36,95.1724137931034
1,0,0,1,0,0,1,27,67.6258992805755
1,1,1,0,0,0,0,31,94.3396226415094
1,0,0,1,0,0,0,35,87.9699248120301
1,0,0,0,0,0,0,36,89.3617021276596
1,0,0,1,0,1,1,26,42.8571428571429
1,0,0,1,1,0,0,36,103.361344537815
1,1,0,1,0,0,0,32,86.4406779661017
1,0,0,1,0,0,0,28,91.71974522293
0,1,1,1,0,0,0,33,137.931034482759
1,1,0,0,0,0,0,34,80.1652892561983
1,0,0,0,0,0,0,25,61.3636363636364
0,0,0,1,0,0,0,35,112.71186440678
1,1,0,0,0,1,0,12,69.620253164557
1,0,0,1,1,0,0,33,58.4415584415584
1,0,0,1,0,0,0,26,78.7096774193548
1,1,0,0,0,0,0,20,71.5189873417722
1,1,0,0,0,0,0,31,95.3271028037383
0,0,0,0,0,0,0,20,92
1,0,0,1,0,0,0,37,114.084507042254
1,0,0,0,0,0,0,31,28.1842818428184
1,0,0,0,0,0,0,38,62.5
1,0,0,1,0,1,0,29,49.3333333333333
1,0,0,1,0,0,0,35,91.8032786885246
1,1,0,0,0,0,0,40,89.9305555555556
1,0,0,1,0,0,0,34,92.0245398773006
1,0,1,1,0,1,0,33,42.258064516129
1,0,0,1,0,0,0,31,76.3265306122449
1,1,0,0,0,0,0,41,120.15503875969
0,0,1,1,1,1,0,40,40.0921658986175
0,0,0,1,0,0,0,24,49.597855227882
1,0,0,0,0,0,0,24,74.8387096774194
1,1,1,1,0,0,0,38,79.7297297297297
1,1,0,0,1,0,0,33,87.2448979591837
1,0,0,1,0,0,0,32,65.4088050314465
1,0,0,1,0,0,0,37,90.5325443786982
1,0,0,1,0,0,0,38,47
1,0,0,0,0,0,0,31,78.75
0,1,1,0,1,0,0,31,59.6685082872928
1,0,0,1,0,0,0,35,92.948717948718
1,0,0,1,0,0,0,31,78.3783783783784
1,1,0,0,0,0,0,24,27.3972602739726
1,0,0,1,0,0,0,35,64.5161290322581
1,0,0,0,0,0,0,37,78.4810126582278
1,0,0,1,0,0,0,30,92.3611111111111
1,1,0,0,1,0,0,31,92.8571428571429
1,1,0,1,0,0,0,17,24.9350649350649
1,0,1,1,0,0,0,37,74.7368421052632
0,0,0,1,0,0,0,24,75.3424657534247
0,1,0,0,0,0,0,35,14.5161290322581
0,1,0,0,0,0,0,35,74.1935483870968
1,0,1,0,1,0,0,34,61.5384615384615
1,0,0,0,0,0,0,32,79.746835443038
1,0,0,1,0,0,0,33,84.7058823529412
1,0,0,1,0,0,0,35,78.8235294117647
0,0,0,0,0,0,0,39,94.7368421052632
1,1,0,0,0,0,0,28,66.546762589928
0,0,0,1,1,0,0,40,89.4444444444444
1,1,1,0,0,1,0,47,31.5926892950392
1,1,0,0,0,0,0,38,57.1428571428571
1,0,0,0,0,0,0,39,88.8888888888889
1,0,0,1,0,0,0,32,87.3949579831933
1,0,0,1,0,1,0,37,45.6937799043062
1,0,0,1,0,0,0,49,19.9481865284974
1,0,0,1,0,1,0,17,75.6906077348066
0,1,1,1,1,0,0,41,88.1443298969072
1,1,0,1,0,0,0,33,58.4415584415584
1,0,1,1,0,1,0,33,33.9622641509434
1,1,0,0,0,0,0,27,79.5698924731183
1,0,0,0,0,0,0,32,109.565217391304
1,0,0,1,0,0,0,35,92.8301886792453
1,0,0,1,1,0,0,33,74.4444444444444
1,0,0,1,0,1,0,29,79.4701986754967
1,0,0,0,0,0,0,32,79.5180722891566
1,0,0,0,0,0,0,37,89.5348837209302
1,0,0,0,0,0,0,26,89.2307692307692
1,0,0,0,0,0,0,35,88.5135135135135
1,0,0,1,0,0,0,26,91.6129032258064
1,0,0,1,0,0,0,31,77.0588235294118
1,1,0,0,0,0,0,35,80
0,0,1,0,1,0,0,55,90.3030303030303
1,0,0,1,0,0,0,31,77.3972602739726
1,1,0,1,0,0,0,24,54.5454545454545
1,0,0,0,1,1,0,34,80.1282051282051
0,1,1,1,0,0,1,30,90.2857142857143
1,0,0,1,1,1,0,33,74.5762711864407
0,1,0,0,1,0,1,37,89.922480620155
1,0,0,1,0,0,0,25,80.2721088435374
1,0,0,1,0,1,0,29,78.3505154639175
1,1,0,0,0,0,0,32,88.8157894736842
1,0,0,1,0,0,0,36,76.9230769230769
1,1,0,0,0,0,0,24,79.0419161676647
1,0,0,1,0,0,0,10,80
1,0,0,1,0,0,0,34,89.6551724137931
1,0,0,0,0,0,1,43,66.6666666666667
1,0,0,0,0,1,0,39,71.301247771836
1,1,0,0,0,0,0,31,77.6223776223776
1,0,1,1,0,0,0,25,90.2527075812274
0,0,0,1,1,1,0,172,80.1282051282051
1,1,0,0,0,0,0,37,67.6923076923077
1,0,0,1,0,0,0,31,59.9700149925037
1,0,0,0,0,0,0,37,49.8575498575499
1,0,0,1,0,1,0,24,64.8330058939096
1,0,0,1,0,0,0,37,65.597667638484
1,0,0,0,0,0,0,35,100
1,0,0,1,0,1,0,29,70
1,0,0,1,0,0,0,29,36.4415862808146
1,0,0,1,0,1,0,7,75.2238805970149
1,0,0,1,1,0,0,36,80
1,0,0,1,0,0,0,25,52.8301886792453
1,0,0,1,0,1,0,21,70.3703703703704
1,0,0,1,0,0,0,13,45.4545454545455
1,0,0,0,0,0,1,34,100
1,0,0,1,1,0,0,39,72.4137931034483
1,1,0,0,0,0,0,30,68.259385665529
1,0,0,1,0,0,0,29,100
1,0,0,1,0,0,0,17,49.8489425981873
1,0,0,1,0,0,0,37,47.7099236641221
0,0,0,1,1,1,0,44,82.1238938053097
1,0,0,1,0,0,0,37,65.9340631701265
1,0,0,1,0,0,0,25,76.5110958951288
1,1,0,0,0,0,0,26,99.5184602877457
0,0,0,0,0,0,0,75,44.8717948717949
1,0,0,0,0,0,0,17.5,50.8474576271186
1,0,0,1,0,0,0,18,74.5098039215686
1,0,0,1,0,1,0,35,44.6351931330472
1,1,1,0,0,0,0,27.6000003814697,100
1,0,1,1,1,1,1,42.5,79.4007490636704
0,0,0,0,0,0,0,28,94.6236559139785
1,0,1,1,0,0,0,33,85.8333333333333
1,0,1,0,0,0,0,29,71.830985915493
1,0,0,0,0,0,0,18,60.4395604395604
1,0,1,0,1,1,0,48,60.4395604395604
1,0,0,1,0,0,0,19,83.3333333333333
1,1,1,0,0,0,0,40,92.7272727272727
1,0,1,0,0,0,0,49,74.7126436781609
1,0,0,1,0,0,0,55,57.4712643678161
1,1,1,0,0,0,0,39,80.3738317757009
0,0,0,1,1,1,0,69.1999969482422,80
1,0,0,1,0,0,0,40.5999984741211,114
0,0,0,0,1,0,0,41.2000007629395,100.067617381773
0,0,0,1,0,0,0,30,94.8148148148148
1,0,0,1,0,0,0,34.7999992370605,77.9166666666667
1,0,0,0,0,0,0,32.5,90.3448275862069
1,0,1,1,0,0,0,35.9000015258789,80
1,0,0,1,0,0,0,30,90.3703703703704
1,0,0,1,0,0,0,26.7000007629395,79.4444444444444
1,1,0,0,1,0,0,33,78.0952380952381
1,0,0,1,0,0,0,30.5,68.421052631579
1,0,1,1,0,1,0,31,71.9424460431655
1,0,0,0,0,1,0,32,87.3333333333333
1,0,0,1,0,0,0,37,94.2675159235669
1,0,0,1,0,1,0,24.3999996185303,69.2307692307692
1,0,0,1,0,0,0,32.4000015258789,74.6268656716418
0,0,1,1,0,0,1,35,88.4848484848485
1,0,0,1,0,0,0,38,77.7464788732394
1,1,0,0,0,0,0,24,86.8852459016393
1,0,0,1,0,0,0,31.2000007629395,80.1169590643275
1,0,1,1,0,0,0,29,53
1,0,0,1,0,0,0,32,67.6470588235294
0,0,1,1,0,0,0,19,76.311603872142
1,0,0,0,0,0,0,36,79.4642857142857
1,0,0,1,0,1,0,17.6000003814697,67.1875
1,0,0,0,0,1,0,31,80.3030303030303
1,0,0,1,0,0,0,27,77.5
0,0,0,0,0,0,1,30,50
0,0,0,1,0,0,0,41,90.0523560209424
1,1,1,1,1,0,0,35.2999992370605,51.6666666666667
1,0,0,1,0,0,0,19,41.1764705882353
1,0,0,1,0,0,0,20,53.4285714285714
1,0,0,0,0,0,0,40,66.6666666666667
1,0,0,0,0,0,0,32,77.3584905660377
1,0,0,1,1,1,0,35,74.0229885057471
1,0,0,0,0,0,0,37,66.6666666666667
1,0,0,1,0,0,0,35,94.4303797468354
1,0,0,1,0,0,0,33,78.239608801956
1,0,0,1,0,1,0,15,72.202166064982
1,0,0,1,0,0,0,34,46.448087431694
1,0,0,0,0,1,0,27,71.3375796178344
1,0,1,1,0,0,0,34,80
1,0,0,1,0,0,0,30,64.2335766423358
1,0,0,0,1,0,0,32,59.5744680851064
1,0,0,1,1,1,0,128,70.7547169811321
1,0,0,0,0,0,0,28,79.646017699115
1,0,0,1,0,1,0,24,70.3703703703704
1,0,1,1,1,0,0,31,85.8108108108108
1,1,1,0,0,0,0,24,80
1,0,1,0,0,0,0,19,80.3149606299213
1,0,0,1,1,0,0,38,103.157894736842
1,0,1,1,0,0,0,25,55.5555555555556
1,0,1,1,0,0,0,32,90
1,1,0,0,0,0,0,35,86.3636363636364
1,1,0,0,0,0,0,25,118.75
1,0,0,0,0,0,0,44,50
1,0,0,1,0,0,0,12,33.3333333333333
1,0,0,0,0,0,0,21,63.8297872340426
1,0,1,0,0,0,0,24,90
1,0,1,1,0,0,0,22,74.0740740740741
1,1,1,1,0,0,0,22,76.8
1,1,1,0,0,0,0,33,80
1,0,0,1,0,1,0,24,73.3333333333333
1,0,0,1,1,0,0,36,59.1836734693878
1,0,0,0,0,0,0,32,80.3418803418803
1,0,0,1,1,1,0,42,80
1,1,0,0,0,1,1,37,59.6491228070175
1,0,0,0,1,1,0,33,67.0250896057348
1,0,0,1,0,0,0,27,49.1071428571429
1,1,0,0,0,0,0,30,58.252427184466
1,0,0,0,1,1,0,48,72.8205128205128
1,0,0,1,0,0,0,19,78.6666666666667
1,0,0,1,0,0,0,19,63.2911392405063
1,0,0,1,1,0,0,31,72.3684210526316
1,0,0,1,0,0,0,36,79.8701298701299
1,1,0,1,0,0,0,21,42.6829268292683
1,0,0,1,0,0,0,33,54.7619047619048
1,0,0,0,1,0,0,36,73.1707317073171
1,1,0,0,0,0,1,37,78.2608695652174
1,0,0,1,0,0,0,35,77.3809523809524
1,0,0,0,0,0,0,42,79.8449612403101
1,0,0,1,0,0,0,34,86.7647058823529
1,0,0,1,0,0,0,24,79.8701298701299
1,0,0,0,0,0,0,38,89.7959183673469
1,0,0,1,0,0,0,38,27.3972602739726
1,0,0,1,0,1,0,18,79.6296296296296
1,0,0,1,0,1,0,34,59.2592592592593
1,0,0,0,0,0,0,33,92.3076923076923
1,0,0,1,0,0,0,25,88.1481481481482
1,0,1,1,1,0,0,38,91.5492957746479
1,0,0,1,0,1,0,35,79.3103448275862
1,1,0,0,0,0,0,38,80
1,0,0,0,0,1,1,37,60
1,0,0,1,1,0,1,38,72.5806451612903
1,0,0,1,0,0,0,36,65.6862745098039
1,0,0,1,0,0,0,34,92.2535211267606
1,0,0,1,0,0,0,36,47.8142076502732
1,0,0,1,0,0,0,23,61.0687022900763
1,0,0,0,0,0,0,30,87.1428571428571
1,0,0,1,0,0,0,29,69.2592592592593
1,0,0,1,1,0,0,39,64.625850340136
0,0,0,1,0,0,1,36,94.8275862068966
1,1,0,0,0,0,0,28,80
1,1,0,1,0,0,0,38,87.5968992248062
1,0,0,1,0,1,0,26,50.251256281407
1,0,1,1,0,0,0,44,91.5384615384615
1,0,1,1,1,0,1,34,72.4137931034483
1,0,0,1,0,0,0,34,87.6923076923077
1,0,0,1,0,0,0,38,78.4313725490196
1,0,0,1,0,0,1,38,52.9953917050691
1,1,0,0,0,0,0,35,91.5384615384615
0,0,0,1,0,0,0,16,80
1,0,0,1,0,0,0,31,74.3801652892562
1,0,0,1,0,0,0,36,46.1538461538462
1,0,0,0,1,1,0,31,86.2068965517241
0,0,0,0,0,0,0,45,65.7894736842105
1,1,0,0,1,0,0,39,57.4712643678161
0,0,0,0,0,0,0,20,80
1,0,0,1,0,0,0,24,67.1641791044776
1,0,1,1,1,1,0,50,97.9591836734694
1,1,0,1,1,0,0,45,72.2222222222222
1,0,0,0,0,0,0,61,88.8888888888889
1,0,0,0,0,0,0,27,88.5
1,0,0,1,0,0,0,55,51.063829787234
1,1,0,0,0,0,0,32,92.9133858267717
1,0,0,0,0,0,0,17,88.8888888888889
0,0,0,1,1,0,0,47,80.3571428571429
1,0,0,1,0,1,0,14,59.2592592592593
1,1,0,0,0,0,0,38,85
1,0,0,1,0,1,0,31,76.219512195122
1,1,0,1,0,0,0,53,59.2592592592593
1,0,0,0,0,0,0,26,70.7692307692308
1,0,0,1,0,0,0,20,76.5957446808511
1,0,0,0,0,1,0,33,80
1,0,0,0,0,1,0,20,54.7445255474453
1,0,0,1,0,0,1,52,68.9655172413793
1,1,0,0,0,0,0,33,41.7910447761194
1,1,0,0,0,0,0,19,38.8059701492537
1,0,1,1,0,0,0,31,74.1176470588235
1,1,0,1,0,0,0,29.3999996185303,90.1960784313726
0,0,0,0,0,0,0,29.2999992370605,84.8484848484848
1,1,0,0,1,0,0,33.7000007629395,35.2112676056338
1,0,0,1,0,0,0,20.1000003814697,30.7692307692308
1,0,0,0,0,0,0,26.3999996185303,33.8983050847458
1,0,0,0,0,0,0,27.9699993133545,88.5245901639344
1,0,0,0,1,0,0,44,80.0904977375566
1,0,0,1,0,0,0,26.7299995422363,80
1,0,0,0,1,0,0,41,72.3684210526316
1,0,0,1,0,0,0,28.4400005340576,33.8129496402878
1,1,0,0,0,0,0,30,20
1,1,0,0,0,0,0,27,33.3333333333333
1,0,0,0,1,0,1,33.2700004577637,76.875
1,0,0,1,0,0,0,30.7299995422363,80
1,0,0,1,0,0,0,36.6100006103516,90
1,1,0,0,1,0,0,43.9099998474121,79.8245614035088
0,1,0,0,0,0,1,12,79.5454545454545
1,0,0,1,1,0,0,36,75.6756756756757
0,0,0,1,0,0,1,41,80
1,0,0,0,0,0,0,33,40
1,0,0,1,1,1,0,38,48.780487804878
1,0,0,0,1,0,0,32,60
0,0,0,0,0,1,1,32,90.2857142857143
1,1,0,0,0,0,0,36.5,61.8181818181818
1,0,0,1,0,0,0,28,67.1186440677966
1,0,0,1,0,0,0,35,51.9480519480519
1,0,0,1,0,0,0,23.1000003814697,17.910447761194
1,0,0,1,0,0,0,31,53.6363636363636
1,1,0,1,0,0,0,11.3999996185303,54.4959128065395
1,0,0,1,0,0,0,30,48.9583333333333
1,0,0,0,0,1,0,28.7000007629395,68.9655172413793
1,0,0,1,1,0,0,43,85.7142857142857
1,0,0,1,0,0,0,35,89.010989010989
1,1,0,0,1,0,0,33,80.8641975308642
1,0,0,1,1,0,0,42,86.4
1,0,0,0,1,0,0,50,100
1,0,0,0,0,0,0,40,100
1,0,0,0,1,0,0,38,73.2558139534884
1,1,0,0,1,0,0,33,80.1418439716312
1,1,0,0,0,0,0,22,90.1515151515152
1,0,0,1,1,0,1,38,65
1,0,0,1,1,0,0,38,59.1836734693878
1,0,0,1,1,0,0,38,80
1,0,0,0,1,0,0,38,78.9189189189189
1,1,0,1,0,0,0,38,80
1,0,0,1,1,1,0,38,37.5
0,0,0,1,1,0,0,38,41.6666666666667
1,0,1,1,1,0,0,38,76
1,0,0,1,1,0,0,38,77.3333333333333
1,0,0,1,0,0,0,23,76.9230769230769
1,0,0,1,0,0,0,26,36.6666666666667
1,1,0,1,0,0,0,15,63.1578947368421
1,0,0,1,0,0,0,17,48.936170212766
1,0,0,1,0,0,0,28,43.6813186813187
0,1,0,0,0,0,0,30,86.8571428571429
1,1,0,0,0,0,0,30,63.3802816901408
1,0,0,0,0,0,0,17,76.9230769230769
1,0,0,0,0,0,0,38,80
0,0,0,1,1,0,0,37,81.9672131147541
1,0,0,0,0,0,0,35,76.551724137931
1,0,0,1,0,0,0,57.7000007629395,79.1666666666667
1,0,0,0,0,0,0,37,87.4848116646416
1,0,0,1,0,1,0,36.7000007629395,80
1,0,0,1,0,0,0,48.7000007629395,74.1839762611276
1,0,0,1,0,0,1,39.9000015258789,36.1538461538462
1,0,0,1,0,0,0,36.2000007629395,86.7783985102421
1,0,0,1,0,0,0,42,74.054054054054
1,0,0,1,0,0,0,43.0999984741211,66.6666666666667
1,0,0,1,1,0,0,36,49.1428571428571
1,0,0,0,0,0,0,37,92.8571428571429
1,1,1,0,0,1,0,27,74.8251748251748
1,1,0,0,1,0,0,34,76.5217391304348
1,0,0,0,1,0,0,30,92.3566878980892
1,1,0,0,1,0,0,38,54.0540540540541
1,1,0,1,0,0,0,38,73.7142857142857
1,0,0,0,1,0,0,32,78.9473684210526
1,0,0,1,0,0,0,25,73.1707317073171
1,1,1,0,0,0,0,27,75.1552795031056
1,0,0,0,0,0,0,40,57.8947368421053
1,0,0,1,0,0,0,36,79.8507462686567
1,1,0,1,0,0,0,32,89.2682926829268
1,0,0,0,1,0,0,38,74.8148148148148
1,0,0,1,0,0,0,27,84.7058823529412
1,0,0,1,0,0,0,30,60.077519379845
1,1,0,0,1,0,0,33,77.3006134969325
1,0,0,1,0,0,0,28,80
1,0,0,1,0,0,0,29,90
1,0,0,1,0,0,0,32,48.9690721649485
1,0,1,1,0,0,0,31,78.8732394366197
1,1,0,0,0,0,0,39,74.6835443037975
1,0,0,1,0,1,1,32.0400009155273,75.1020408163265
1,0,0,1,0,1,0,36.689998626709,70.2898550724638
1,0,0,1,0,1,0,40.9900016784668,74.3421052631579
1,0,0,1,0,0,0,26,94.5945945945946
1,0,1,0,0,0,0,39,79.2
1,1,1,0,0,0,0,10.6199998855591,59.7014925373134
1,0,0,1,1,0,0,32,80.3149606299213
1,0,0,1,1,0,0,36,47.6190476190476
1,0,1,1,0,0,0,38,90
1,0,0,1,0,1,0,28,77.7464788732394
1,0,0,1,0,0,0,38,80
0,1,0,0,0,1,0,31,70.566037735849
1,0,0,0,0,0,0,35,89.7435897435898
1,1,0,1,0,1,0,16,41.6666666666667
1,0,0,0,1,0,0,33,65.3333333333333
0,0,0,0,0,0,1,39,89.622641509434
1,1,1,0,0,0,1,40,76
1,0,0,1,0,0,0,26,48.5714285714286
1,0,0,1,0,0,0,36,74.1935483870968
1,0,0,1,0,0,0,34,76.9565217391304
1,0,0,1,0,0,1,36,67.8899082568807
1,0,0,0,0,0,0,33,50.4
1,0,0,1,0,0,1,36,74.7252747252747
1,0,0,1,1,0,0,37,73.5537190082645
1,0,0,1,0,0,0,22,79.3103448275862
1,0,0,1,0,0,0,34,78.5276073619632
1,0,0,1,0,0,0,34,72.289156626506
1,0,1,1,0,0,0,36,86.6666666666667
1,0,0,1,1,0,0,40,92.0634920634921
1,0,0,1,0,1,0,10,51.2328767123288
1,0,0,0,0,0,0,40,91.5254237288136
1,0,0,1,0,0,0,28,52.8301886792453
1,0,0,1,0,0,1,36,88.6178861788618
1,1,1,0,1,0,0,39,91.4438502673797
1,0,0,0,0,0,0,22,67.906976744186
1,0,0,0,0,0,0,36,81.1764705882353
1,0,0,1,0,0,0,34,91.6129032258064
1,0,0,0,0,0,0,32,80
1,0,0,1,1,0,1,39,80
0,1,0,0,0,0,0,31,29.585798816568
1,0,0,1,0,0,0,37,77.8280542986425
1,0,0,1,1,0,0,42,86.3414634146341
1,0,1,1,0,0,1,27,90.2255639097744
1,0,0,0,0,0,0,37,93.006993006993
1,1,0,0,0,0,0,32,77.1428571428572
1,0,1,0,0,1,0,29,90.2702702702703
1,0,0,1,0,0,0,37,89.010989010989
1,1,0,0,1,0,0,36,60.1694915254237
1,0,0,1,0,0,1,36,76.5957446808511
1,0,0,1,0,0,0,33,80.2197802197802
0,0,0,0,0,1,0,29,68.8775510204082
0,0,0,1,0,0,0,26,69.2262968151471
1,0,1,1,0,0,0,29,86.6666666666667
1,0,0,1,0,0,0,32,54.6666666666667
1,0,0,1,0,0,0,21,60.1092896174863
1,1,0,0,0,0,0,32,77.6119402985075
1,0,0,1,0,0,0,29,75.609756097561
1,0,0,0,1,0,0,36,87.037037037037
1,0,0,1,1,0,0,36,78.5714285714286
1,0,0,0,0,0,0,22,67.7018633540373
1,0,0,1,0,0,0,25,71.3286713286713
1,0,0,0,0,0,0,35,76.6666666666667
1,0,0,0,0,0,0,26,80
1,0,0,0,0,1,0,33,69.2592592592593
1,0,0,1,0,0,1,31,93.9189189189189
1,0,0,1,0,0,0,34,51.5463917525773
1,1,0,1,0,0,0,30,47.8260869565217
1,0,0,1,0,0,0,33,54
1,0,0,1,1,0,0,39,88.5245901639344
1,0,0,0,0,0,1,36,86.8965517241379
1,1,0,1,0,0,0,28,72.7272727272727
1,1,0,0,0,0,0,26,89.7435897435898
1,1,1,0,0,0,1,35,92.0863309352518
1,0,0,1,0,0,0,29,62.4277456647399
1,0,0,1,1,0,0,34,77.7777777777778
1,0,0,1,0,0,0,30,76.8361581920904
1,1,0,0,0,0,0,25,26.6666666666667
1,0,0,1,0,0,0,28,76.271186440678
1,0,0,0,0,0,0,36,94.949494949495
1,0,0,0,0,0,1,35,89.9159663865546
1,0,0,1,0,0,0,31,73.2673267326733
1,0,0,1,0,0,1,26,65.891472868217
1,0,0,1,0,0,0,27,95.0980392156863
1,0,1,1,0,0,0,32,64.3564356435644
1,0,0,0,0,0,0,31,74.7126436781609
1,0,0,1,1,0,0,38,88.1656804733728
1,0,0,1,0,0,0,27,74.2857142857143
1,0,0,1,0,0,0,27,89.4366197183099
1,0,0,0,0,1,0,23,86.4864864864865
1,0,0,1,0,0,0,33,87.8048780487805
1,1,0,0,0,0,0,30,73.9495798319328
1,0,0,1,1,0,0,37,68.9655172413793
1,1,0,0,0,0,1,35,89.1891891891892
1,0,0,1,0,0,0,30,77.7777777777778
0,0,0,0,0,0,0,69,60.7476635514019
1,0,0,1,0,1,0,24,51.7751479289941
1,0,0,1,0,0,0,25,68
1,1,0,0,0,0,0,27,72.4489795918367
1,0,0,0,0,0,0,29,77.9411764705882
1,0,0,1,0,0,0,34,85.9090909090909
1,0,0,1,0,0,0,33,90.9090909090909
1,1,1,0,1,0,0,32,88.6363636363636
1,1,0,0,1,0,0,50,77.2058823529412
1,1,0,0,1,0,0,42,86.7768595041322
1,0,0,1,0,0,0,32,89.2561983471074
1,0,0,1,1,0,0,44,44.7761194029851
1,1,1,0,0,0,0,38,46
1,1,0,0,0,0,0,34,51.9148936170213
1,0,1,1,0,0,0,30,61.4213197969543
1,1,1,0,0,0,0,39,74.7572815533981
1,0,0,1,0,1,0,28,80
1,1,0,0,1,0,0,32,79.8319327731092
1,0,0,1,1,0,0,41,73.3624454148472
1,0,0,1,1,0,0,47,65.2173913043478
1,1,1,0,1,0,0,35,74.7572815533981
1,0,0,1,0,0,0,32,80.2575107296137
1,0,0,1,0,0,0,29,63.6363636363636
1,1,1,0,0,0,0,32,77
1,0,0,0,0,0,0,25,80.1652892561983
1,0,0,1,0,1,0,34,77.1573604060914
1,1,0,0,0,0,0,36,76
1,0,0,0,0,0,0,33,77.0833333333333
1,1,1,0,0,0,0,25,78.9473684210526
1,1,0,0,0,0,0,25,59.3984962406015
1,0,0,1,0,0,0,27,79.2982456140351
1,0,0,0,0,0,0,25,79.3650793650794
1,0,0,1,0,1,0,23,42.1052631578947
1,0,0,0,0,0,0,19,62.5
1,0,0,1,0,1,0,25,160
1,0,0,0,0,0,0,26,73.953488372093
1,0,0,1,0,0,0,18,81.1594202898551
1,1,0,1,0,0,0,34,83.5714285714286
1,1,0,0,0,0,0,36,67.6470588235294
1,1,0,0,0,0,0,26,87.2727272727273
1,0,0,0,0,0,0,38,49.7142857142857
1,0,0,1,0,0,0,40,64
1,0,0,0,0,0,0,30,81.4814814814815
1,0,0,1,0,1,0,22,74.0740740740741
1,1,0,1,0,0,0,19,69.620253164557
1,1,0,0,1,0,0,39,82.1428571428571
1,1,0,0,0,0,0,27,22.9885057471264
1,1,0,0,0,0,0,36,87.6106194690265
1,0,0,1,0,0,0,27,73.5483870967742
1,0,1,0,0,0,0,36,76.1904761904762
1,0,0,0,0,0,0,33,92.8571428571429
1,0,1,0,1,0,0,32,75
1,0,0,1,0,0,1,40,65
1,1,0,1,0,0,0,36,59.3220338983051
1,0,1,1,0,0,0,36,72.5806451612903
1,0,0,1,0,0,0,31,69.7761194029851
1,0,0,1,0,0,0,10,71.4285714285714
1,0,0,0,0,0,0,27,72.9166666666667
1,0,0,0,0,0,0,27,75.1515151515151
1,0,0,0,0,0,0,37,74.3589743589744
1,0,0,1,1,0,0,39,94.6153846153846
1,0,1,0,1,0,0,39,96.3768115942029
1,0,0,1,0,1,0,32,64.5161290322581
1,0,1,0,0,1,0,15,48.5714285714286
1,0,0,1,0,0,0,38,78.6585365853659
1,0,1,1,0,0,0,32,78.4172661870504
1,0,0,1,0,0,0,37,71.4285714285714
1,1,0,0,0,0,0,34,80
1,0,0,1,1,0,0,39,75.2
1,0,0,1,0,0,0,31,73.109243697479
1,0,0,1,0,0,0,35,86.5546218487395
1,0,0,1,0,0,0,30,64.7058823529412
1,1,0,0,0,0,0,27,88.2352941176471
1,0,1,1,0,0,0,25,79.0419161676647
1,0,0,1,0,0,0,37,88.5496183206107
1,0,0,1,0,1,1,34,52.4475524475524
1,0,0,1,0,0,0,36,89.2156862745098
1,1,1,0,0,0,0,33,83.3333333333333
1,0,1,1,0,0,0,38,88.4057971014493
1,1,1,0,1,0,0,31,68.8888888888889
1,0,0,0,0,0,0,30,72.1739130434783
1,0,0,0,0,1,0,28,60.8108108108108
1,0,1,1,0,1,0,31,79.1139240506329
1,0,0,1,0,0,0,31,88.3720930232558
1,0,1,0,1,0,0,38,91.8604651162791
1,0,0,1,0,0,0,34,84.2105263157895
1,1,1,0,0,0,1,30,80.4347826086957
1,0,0,0,0,0,0,27,50.7246376811594
1,1,1,0,0,0,0,28,74.4897959183673
1,1,0,0,0,1,0,24,10.9649122807018
1,0,0,0,0,0,0,28,77.8378378378378
1,0,0,0,0,0,0,31,79.6875
1,1,0,0,0,0,0,21,14.3884892086331
1,0,0,0,0,1,0,34,61.1111111111111
1,0,0,0,0,0,0,20,66.6666666666667
1,1,1,0,0,0,0,32,71.9626168224299
1,0,0,1,1,0,0,40,86.4285714285714
1,1,0,0,0,0,0,28,49.6240601503759
1,0,0,1,0,0,0,31,67.4074074074074
1,0,0,1,0,0,0,31,49.5049504950495
1,0,0,0,0,0,0,35,66.9291338582677
1,0,0,1,0,0,0,37,89.9193548387097
1,0,0,1,0,1,0,32,70.3703703703704
1,0,0,1,0,0,0,34,67.4418604651163
1,0,1,1,1,0,0,34,86.1176470588235
1,0,1,0,0,0,0,24,45.3846153846154
1,0,0,1,0,0,1,33,37.6923076923077
1,0,1,1,0,0,0,22,64.5833333333333
1,1,1,0,0,0,0,34,43.8461538461538
1,1,0,0,0,0,0,37,59.504132231405
1,0,0,1,1,0,0,49,79.383429672447
1,0,1,0,0,0,0,36,75.2
1,0,0,1,0,0,0,36,56.25
1,0,0,0,0,0,0,34,29.126213592233
1,1,1,0,0,0,0,33,87.5
1,1,1,0,0,0,0,28,43.8461538461538
1,1,0,0,0,0,0,33,73.134328358209
1,0,1,1,0,0,0,33,85.1851851851852
1,0,0,0,1,0,0,33,68
1,0,0,1,0,0,0,36,54.8076923076923
1,0,0,1,1,0,0,35,66.9291338582677
1,1,1,0,0,0,0,37,44.1666666666667
1,0,0,1,0,0,0,32,75.2
1,1,0,0,0,0,0,29,63.855421686747
1,1,0,1,0,0,0,27,73.9393939393939
1,0,0,1,0,0,0,39,76.6666666666667
1,1,1,0,1,0,0,42,87.7551020408163
1,0,0,0,0,0,0,31,80.7017543859649
1,1,1,0,0,0,0,35,87.7551020408163
1,1,1,1,0,0,0,29,75
1,0,0,1,0,0,0,29,60.6060606060606
1,0,0,1,0,0,0,28,74.6031746031746
1,0,0,1,0,0,0,33,79.3388429752066
1,0,0,0,0,0,0,43,94.9152542372881
1,0,0,1,0,0,0,31,89.763779527559
1,1,0,0,0,0,0,26,55.5555555555556
1,0,1,1,0,0,0,34,47.5
1,0,0,1,0,0,0,49,55.4106910039113
1,0,0,0,0,0,0,30,64.327485380117
1,1,0,0,1,0,0,33,64.5161290322581
1,0,0,0,1,0,0,31,57.8947368421053
1,1,1,0,0,0,0,45,43.8461538461538
1,0,1,1,0,0,0,23,79.1666666666667
1,0,0,1,0,1,0,11,21.9354838709677
1,1,0,0,0,0,0,37,70.7317073170732
1,1,0,0,0,1,0,24,78.7878787878788
1,0,0,1,0,0,0,19,48.3425414364641
1,0,0,0,0,0,0,26,79.6992481203008
1,0,0,1,1,0,0,33,54.5454545454545
1,0,0,1,0,0,0,27,37.9310344827586
1,0,0,1,0,1,0,28,58.8235294117647
1,0,0,1,0,0,0,37,70.2127659574468
1,0,0,1,0,1,0,28,46.6666666666667
1,1,0,0,0,0,0,42,73.9837398373984
1,0,0,1,0,0,0,39,78.9049919484702
1,0,1,1,0,0,0,33,68.5714285714286
1,0,0,1,0,0,0,26,69.9386503067485
1,0,0,1,1,0,0,33,74.7855917667238
1,0,0,1,0,0,1,36,89.6969696969697
1,0,0,0,1,0,0,33,77.7777777777778
1,0,0,1,0,1,0,47,73.8461538461539
1,1,0,0,1,1,0,57,78.2222222222222
1,0,0,0,0,0,0,36,73.0538922155689
1,1,1,0,1,0,0,35,72.3809523809524
1,0,0,0,0,1,0,20,63.9455782312925
1,0,0,1,0,1,0,11,60.6060606060606
1,0,0,1,0,0,0,37,88.5714285714286
1,0,0,0,0,0,0,16,72.7272727272727
1,1,1,0,0,0,0,30,47.5
1,0,0,1,0,1,0,35,70
1,1,1,0,0,0,0,32,74.2857142857143
1,0,0,1,0,0,0,33,74.0157480314961
1,0,0,1,0,0,0,13,70.3125
1,0,1,1,0,0,0,31,88.4848484848485
1,0,0,1,0,0,0,27,84.3023255813954
1,1,0,0,0,1,0,56,79.4007490636704
1,1,1,0,0,0,0,31,71.8181818181818
1,1,0,0,0,0,0,31,67.741935483871
1,0,1,0,0,0,0,34,90
1,0,1,1,0,0,1,28,71.5596330275229
1,1,0,1,0,0,0,37,79.3893129770992
1,1,1,0,0,0,0,31,36.6279069767442
1,1,0,0,1,0,0,32,19.3103448275862
1,0,0,0,0,0,0,33,86.3636363636364
1,0,0,1,0,0,0,25,80.46875
1,0,0,1,0,0,0,47,79.7727272727273
1,0,0,1,0,0,0,26,88.5964912280702
1,0,0,1,1,0,0,32,79.5252225519288
1,1,0,0,1,0,0,39,89.051094890511
1,1,1,0,0,0,0,32,93.8144329896907
1,0,0,1,0,0,0,25,31.0077519379845
1,0,0,1,0,0,0,11,28.0898876404494
1,0,0,0,0,0,0,27,79.9065420560748
1,1,0,0,0,0,0,31,71.5384615384615
1,0,1,1,0,0,0,31,80
1,0,1,1,0,0,0,27,91.9191919191919
1,0,0,0,1,0,0,36,87.012987012987
1,0,0,1,0,0,0,24,63.3333333333333
1,1,1,0,0,0,0,32,63.6363636363636
1,1,0,0,1,0,0,36,77.7777777777778
1,0,0,1,0,0,0,39,75.1351351351351
1,0,0,0,0,0,0,35,90.4347826086957
1,1,1,0,0,0,0,33,65.4545454545455
1,1,0,0,0,0,0,34,68
1,0,0,0,1,0,0,51,79.4701986754967
1,0,0,1,0,0,0,30,79.3893129770992
1,0,0,1,0,0,0,24,72.4050632911392
1,1,1,0,0,0,0,30,95.7894736842105
1,0,1,1,1,0,0,32,61.8181818181818
1,1,0,0,0,0,1,35,79.6875
1,0,0,0,0,0,0,23,62.1359223300971
1,0,0,0,0,0,0,23,64.6153846153846
1,0,0,1,0,0,0,36,80
1,0,1,0,0,0,0,19,80.2631578947368
1,0,0,1,0,0,0,28,68.3760683760684
1,1,0,0,0,0,0,33,77.1428571428572
1,0,0,1,0,0,0,31,73.9130434782609
1,0,0,0,0,0,0,4,48.9130434782609
1,0,0,1,1,0,0,35,60
1,1,0,0,0,1,0,22,39.7435897435897
1,0,0,1,0,0,0,26,71.4285714285714
1,0,0,1,0,1,0,29,80
1,1,0,0,0,0,0,31,68.1528662420382
1,0,0,0,0,0,1,32,78.0645161290323
1,0,0,0,0,0,0,38,78.8888888888889
1,0,0,1,0,0,0,34,86.2660944206009
1,0,0,1,1,0,0,34,68.3636363636364
1,0,0,0,0,0,0,29,45.5172413793103
1,0,0,0,0,0,0,31,85.655737704918
1,0,0,1,0,0,0,22,74.468085106383
1,0,0,0,0,0,0,34,66.6666666666667
1,1,0,0,0,0,0,31,73.6363636363636
1,0,0,1,0,0,0,31,66.6666666666667
1,0,0,1,0,0,0,23,54.3478260869565
0,0,0,1,0,1,0,47,90.188679245283
0,0,0,0,0,0,1,42,90.4411764705882
0,0,1,0,1,0,0,59,80.6451612903226
0,0,1,1,1,0,0,39,93.8775510204082
0,0,1,0,1,0,1,111,95.5056179775281
0,0,0,0,0,0,0,42,90.2439024390244
0,1,1,0,0,0,0,39,75.1515151515151
0,0,0,0,0,0,0,33,84.6153846153846
0,0,1,1,0,0,0,36,58.1196581196581
0,1,0,0,0,1,0,28,69.5364238410596
0,0,0,1,1,0,0,52,73.5483870967742
0,0,0,1,0,0,0,7,77.2727272727273
0,1,1,0,0,0,1,44,90.4347826086957
0,0,0,1,0,0,0,36,88.5416666666667
0,0,1,1,0,0,0,37,134
0,1,0,0,0,0,0,42,62.0689655172414
0,0,1,0,0,0,0,44,79.0909090909091
0,0,0,1,1,1,0,46,80
0,0,1,1,1,0,0,59,68.4782608695652
0,0,1,1,1,0,1,47,95.4198473282443
0,0,1,1,0,0,1,38,90
0,0,0,1,1,0,0,48,88.3333333333333
0,0,0,1,0,0,0,28,70
0,0,1,1,1,0,0,37,77
0,0,1,0,0,0,1,35,93.4426229508197
0,0,1,1,1,0,1,40,94.2028985507246
0,0,0,0,0,1,0,36,80.5369127516778
0,0,1,1,0,0,0,36,94.9720670391062
0,0,1,1,0,0,0,34,81.6901408450704
0,0,1,1,0,0,1,45,90.9090909090909
0,0,0,1,1,1,0,40,92.485549132948
0,0,1,1,1,0,1,39,88.8888888888889
0,1,1,1,0,0,0,38,102.752293577982
0,0,1,1,0,0,1,18,80
0,0,0,1,0,0,1,38,88.2629107981221
0,1,0,0,0,0,0,37,84.375
0,1,0,0,0,1,1,16,141.6
0,0,0,0,1,0,0,37,81.1965811965812
0,0,0,1,0,0,0,20,61.2244897959184
0,1,0,0,0,0,0,32,95.1807228915663
1,1,0,0,0,0,0,32,79.6875
1,0,0,0,0,0,0,36,92.8104575163399
1,0,0,1,0,0,0,34,83.59375
1,0,0,0,0,0,0,34,91.812865497076
1,0,0,1,0,0,0,36,81.7610062893082
1,0,0,1,0,1,0,19,62.9757785467128
1,0,0,0,0,0,0,34,86.25
1,0,0,0,0,0,0,23,71.0059171597633
1,0,0,1,0,0,0,14,56.1440677966102
1,0,0,1,0,0,0,35,78.9473684210526
0,0,0,1,0,0,0,33,89.8954703832753
1,0,0,0,0,0,0,18,69.1823899371069
1,0,0,0,0,0,0,26,86.0927152317881
0,0,0,1,1,0,0,34,89.0909090909091
1,0,0,0,0,0,0,26,56.390977443609
1,1,0,0,0,0,0,26,78.6259541984733
1,0,0,1,0,0,0,22,61.576354679803
1,0,0,1,0,0,0,29,58.8235294117647
1,0,0,0,0,0,0,29,68.141592920354
1,0,0,1,0,1,0,28,66.6666666666667
1,0,0,1,0,1,0,25,77.7777777777778
1,0,0,0,0,0,0,31,78.3783783783784
1,0,0,0,0,0,0,36,75.2380952380952
1,0,0,1,0,0,0,24,85.6589147286822
1,0,0,1,0,1,0,34,78.9189189189189
1,0,0,1,0,0,0,37,77.0949720670391
0,0,0,1,0,0,0,34,84.390243902439
1,0,0,1,0,0,0,28,72.4324324324324
1,0,0,1,0,0,0,36,75.3731343283582
1,0,0,1,0,0,0,36,91.8367346938776
1,0,0,1,0,0,0,35,87.6470588235294
1,0,0,1,0,0,0,24,46.5625
1,0,0,1,0,1,0,38,64.6900269541779
1,0,0,1,0,0,0,35,74.7663551401869
1,0,0,1,0,0,0,40,79.0909090909091
1,0,0,1,0,0,0,40,87.7697841726619
1,0,0,1,0,0,1,36,79.5180722891566
1,0,1,0,0,1,0,29,80
1,0,0,1,1,0,0,38,86.9767441860465
1,0,1,1,0,0,1,40,88.2352941176471
0,0,0,1,1,0,1,44,90
1,0,1,1,0,0,0,41,88.0794701986755
0,0,1,1,0,0,1,37,80
0,0,1,1,1,0,0,33,90
0,0,0,1,0,1,0,39,79.8076923076923
1,1,0,0,0,0,0,32,83.2369942196532
0,0,1,1,0,0,1,38,86.8421052631579
1,0,0,0,0,1,0,21,75
0,0,0,0,0,0,0,44,58.4070796460177
0,0,0,1,0,1,1,19,82.9015544041451
1,0,0,1,0,0,0,39,71.6814159292035
1,0,1,1,1,0,0,40,90.4
1,0,0,1,1,0,0,44,83.6734693877551
0,1,1,0,0,0,1,34,90
1,1,1,0,1,0,1,36,77.7777777777778
1,0,0,1,0,0,0,27,72.2543352601156
1,0,0,1,0,0,0,39,76.6467065868264
1,1,0,1,1,0,0,36,89.7297297297297
1,0,0,0,0,0,0,37,79.4520547945205
1,0,1,1,0,0,0,36,76.1006289308176
1,0,0,1,0,0,0,43,51.8072289156626
0,1,1,1,0,0,0,39,80
1,0,0,1,1,0,0,33,90
1,1,1,0,0,0,0,43,90
1,0,0,1,0,0,0,34,80
1,0,1,0,0,0,0,20,86.046511627907
1,1,0,0,0,0,0,28,90
0,0,0,0,0,0,0,42,89.5161290322581
1,0,0,0,0,0,0,39,90
0,0,1,0,1,0,1,74,80
1,0,1,0,0,0,0,29,72.1518987341772
1,1,0,1,0,0,0,27,56.4102564102564
1,0,0,0,0,0,1,24,90
1,0,0,1,0,0,0,37,65.7407407407407
0,0,0,0,1,0,0,43,75.1515151515151
1,1,1,0,1,0,0,38,81.9444444444444
1,0,1,0,0,0,0,34,84.3537414965986
0,1,1,0,1,0,1,58,89.8230088495575
1,0,1,1,0,0,0,39,78.125
1,0,0,1,1,0,0,40,79.3785310734463
1,0,1,1,0,0,0,42,89.5424836601307
1,1,1,0,0,0,0,42,89.5424836601307
0,0,0,1,1,1,0,37,86.9767441860465
1,0,0,1,1,0,0,39,86.3945578231292
1,0,0,0,0,0,0,39,88.6075949367088
1,0,0,0,0,0,1,28,89.0756302521009
1,1,0,0,0,0,0,34,68
0,0,0,1,0,0,0,25,105
1,0,0,1,1,1,0,35,80
1,0,0,1,0,1,0,33,80
0,0,0,1,1,1,0,37,83.756345177665
0,0,0,1,0,0,0,26,90
1,0,0,1,0,0,0,24,81
0,0,0,0,1,1,1,142,103.75
0,0,0,0,1,1,1,142,103.75
1,0,0,1,0,0,0,39,85.8974358974359
1,0,0,1,1,0,0,42,74.4360902255639
1,0,1,0,1,0,0,36,80
0,0,0,1,1,0,1,41,88.5135135135135
1,0,0,1,0,0,0,37,89.4117647058824
1,0,1,1,0,0,0,41,89.2307692307692
0,0,1,1,1,0,0,42,89.6825396825397
1,0,0,0,0,0,0,26,88.2758620689655
1,0,1,1,0,0,0,34,86.1538461538462
0,0,0,1,0,0,0,37,79.6296296296296
0,0,1,0,1,1,0,43,88.75
0,0,0,0,1,0,1,40,79.4117647058823
1,0,0,0,1,0,0,47,74.6478873239437
1,0,0,1,0,0,0,36,69.2307692307692
1,0,0,0,0,1,0,34,78.5714285714286
1,0,1,1,0,0,0,29,90
1,1,0,0,1,0,0,39,89.922480620155
1,0,1,1,1,0,0,31,90.1408450704225
1,0,0,1,1,0,0,40,88.28125
1,0,0,1,0,0,0,39,87.5
0,0,0,1,1,0,0,41,76.4705882352941
1,1,0,0,1,0,0,38,71.2962962962963
1,0,0,1,0,0,0,33,70
0,1,1,0,1,0,0,39,86.8965517241379
1,0,0,1,0,0,0,29,64.4736842105263
1,0,0,1,0,0,0,36,64.0350877192982
1,0,0,1,0,0,0,36,89.4273127753304
1,0,0,1,1,0,0,47,71.4285714285714
1,0,0,0,0,0,0,34,80
1,0,0,1,0,0,0,36,72.972972972973
1,0,0,0,0,0,0,34,80
0,0,0,0,1,0,0,38,87.2093023255814
1,0,0,1,0,0,0,38,78.5498489425982
1,0,0,1,1,0,0,40,85.1282051282051
0,0,0,0,0,0,1,47,80
1,0,1,1,1,0,0,35,88.8888888888889
1,0,0,1,0,0,0,41,89.5161290322581
1,0,1,1,1,0,0,40,73.4042553191489
1,0,1,0,0,0,0,38,76.0869565217391
1,1,1,1,0,0,0,38,78.5234899328859
0,0,0,1,0,0,0,29,86.0869565217391
1,0,0,1,0,0,0,36,70.5263157894737
1,0,0,0,0,0,0,39,83.3333333333333
1,1,0,0,1,0,0,41,88.5245901639344
0,1,0,0,1,0,0,63,81.3609467455621
1,1,0,0,0,0,0,26,89.4736842105263
1,0,0,1,0,0,0,28,87.719298245614
1,0,1,0,0,0,1,31,89.7435897435898
1,0,0,1,0,0,0,23,89.3617021276596
1,0,0,1,1,0,0,42,89.8203592814371
0,0,1,0,0,0,0,29,69.7247706422018
1,0,0,1,0,0,0,32,80
1,1,0,0,0,0,0,35,87.719298245614
1,0,0,1,0,0,0,43,76.5853658536585
1,0,0,1,1,0,0,41,90.2857142857143
1,0,0,1,0,0,0,37,70.3125
1,0,0,1,0,1,1,39,80.0380228136882
0,0,0,0,0,0,0,46,84
1,0,0,1,0,0,0,38,87.0503597122302
1,0,0,1,0,0,0,33,46.875
1,1,1,0,0,0,0,25,65.8536585365854
1,1,0,1,0,0,1,34,65.7276995305164
0,0,0,1,0,0,0,27,75.7575757575758
1,0,0,1,0,1,0,36,64.5161290322581
1,0,0,1,0,0,0,37,75.4807692307692
1,0,1,1,1,0,0,41,89.7106109324759
1,0,0,1,0,0,0,25,71.8446601941748
1,1,0,1,0,0,0,35,70.4761904761905
1,0,0,1,0,0,0,26,51.4285714285714
1,0,0,1,0,0,0,34,94.1176470588235
1,0,0,1,0,0,0,33.0999984741211,84.8214285714286
1,1,0,1,0,0,0,37.5,91.6666666666667
1,0,0,0,0,0,0,23.4300003051758,77.5
1,0,0,0,0,0,0,39.2000007629395,80.8383233532934
1,0,0,1,0,0,0,34.8499984741211,49.4565217391304
1,0,0,1,0,0,0,26.1000003814697,51.8207282913165
0,1,0,0,0,0,0,32.2000007629395,94.1860465116279
1,1,0,1,0,0,0,21.7000007629395,75.3012048192771
1,0,0,1,0,0,0,12.6000003814697,27.2727272727273
1,0,0,1,0,0,0,31.2999992370605,73.1225296442688
1,0,1,1,0,0,0,27.6000003814697,73.972602739726
1,0,0,1,0,0,0,32.4000015258789,88.7323943661972
1,0,1,1,0,0,0,38.0999984741211,89.7435897435898
1,0,0,1,0,0,0,35,80
1,0,0,0,0,0,0,9.89999961853027,65.1567944250871
1,0,0,0,0,0,0,21.8999996185303,55.9322033898305
1,0,0,1,0,0,0,38.5999984741211,78.1115879828326
1,0,0,1,0,0,0,36.2000007629395,87.2222222222222
1,0,0,1,0,0,0,29.7000007629395,69.7761194029851
1,0,0,1,0,0,0,39.9000015258789,44.6808510638298
1,0,0,1,0,0,0,28.7000007629395,93.125
1,0,0,1,1,0,0,35.5999984741211,76.4444444444444
1,0,0,1,0,0,0,34.7000007629395,70
1,0,0,0,0,0,0,30.5,93.75
1,0,0,1,0,0,0,29.6000003814697,50.8152173913043
1,1,1,0,1,0,0,32.2000007629395,90.3030303030303
1,0,0,1,1,0,0,37.2999992370605,76.5432098765432
1,0,0,0,0,0,0,23.6000003814697,77.9166666666667
1,0,0,1,0,0,0,33.4000015258789,89.5522388059701
1,0,0,0,0,0,0,31.1000003814697,77.4603174603175
1,0,0,1,0,0,0,14.3000001907349,8.69565217391304
1,0,0,1,0,0,0,29.2999992370605,77.8877887788779
1,0,0,0,0,0,0,19.2999992370605,55.8558558558559
1,1,0,0,1,0,0,35.4799995422363,68.9655172413793
1,0,0,1,0,0,0,34.0999984741211,89.84375
1,0,0,1,0,0,0,37.0999984741211,89.6551724137931
1,0,0,0,0,1,0,34,89.3617021276596
1,1,1,0,1,0,0,32.8800010681152,89.9742895298234
1,0,0,1,0,0,0,35.2000007629395,80
1,0,0,0,1,0,0,31.5100002288818,62.0689655172414
1,1,0,1,0,0,0,34.9599990844727,80.0884955752212
1,0,0,0,0,0,0,34.5,90.3508771929825
1,0,0,0,0,0,0,30.1000003814697,90
1,0,1,0,0,0,0,31,89.9159663865546
1,0,0,1,0,0,0,33.7000007629395,86.013986013986
1,0,0,0,1,0,0,31.1000003814697,71.8954248366013
1,0,0,0,0,0,0,37.7700004577637,79.8657718120805
1,0,0,1,0,0,0,32.0999984741211,80
1,0,0,1,0,0,0,35.810001373291,89.6551724137931
1,0,0,1,0,0,0,32.7000007629395,73.1428571428571
1,0,0,1,0,0,0,36.4000015258789,88.6138613861386
1,1,0,1,0,0,0,31.4899997711182,80.2469135802469
0,0,0,0,0,0,0,44.2000007629395,89.8089171974522
1,0,0,0,0,0,0,35.7999992370605,82.4817518248175
1,0,0,1,0,0,0,32.4000015258789,71.4626033166895
1,0,0,0,0,0,0,38.4000015258789,81.4285714285714
1,0,0,0,0,0,0,38.7000007629395,68.9655172413793
1,0,0,1,0,0,1,36.1399993896484,69.2840679205265
1,0,0,1,1,0,0,33.5999984741211,80
1,1,0,0,1,0,0,34.7200012207031,76
1,0,0,0,0,1,0,22,69.2913385826772
1,0,0,1,1,0,0,31.7199993133545,50
0,0,1,0,1,0,0,51.7999992370605,76.7441860465116
1,1,0,0,1,0,0,30.8799991607666,84.0560407807696
1,0,0,1,0,0,0,32.9500007629395,46.8085106382979
1,0,0,1,0,1,0,32.7999992370605,90
1,1,0,0,1,0,0,36,64.8648648648649
1,0,0,1,0,0,0,31.3999996185303,94.078947368421
1,0,0,1,0,0,0,38.7999992370605,70.9677419354839
1,0,0,0,0,0,0,37.0999984741211,90.2097902097902
1,0,0,1,0,0,0,34.5,89.7196261682243
1,1,0,0,1,0,0,37,74.4525547445255
1,0,0,1,1,0,0,32.2900009155273,86.8965517241379
0,0,1,1,0,0,0,36.7000007629395,78.0821917808219
1,0,0,1,0,0,0,29.7999992370605,81.1475409836066
1,0,0,1,0,0,0,36.5999984741211,77.720207253886
1,0,0,1,0,0,0,28.8999996185303,80.1909307875895
1,0,0,1,0,1,0,37.0999984741211,70.0729927007299
1,0,0,1,0,0,0,32,94.6666666666667
1,0,0,1,0,0,0,30.8999996185303,87.0967741935484
1,0,0,1,0,0,0,35.4000015258789,83.5106382978723
1,0,0,1,0,0,0,38.9000015258789,94.2028985507246
1,0,0,0,0,0,0,30.7999992370605,80.4123711340206
1,1,0,0,0,0,0,35.5999984741211,57.2972972972973
1,0,0,1,0,0,0,31.7000007629395,60.8
1,0,0,1,0,0,0,28.2000007629395,50
1,0,0,1,0,0,0,29.6000003814697,90.1694915254237
1,0,0,1,0,0,0,36.7999992370605,89.7790036327087
1,0,0,1,0,0,0,36,89.8989898989899
1,0,0,0,0,0,0,29.5,75.2941176470588
1,1,0,0,0,0,0,29.5599994659424,59.2592592592593
1,0,0,1,0,0,0,36.0999984741211,74.7826086956522
1,0,0,1,0,0,0,27.8999996185303,73.6111111111111
1,0,1,1,0,0,0,29.2999992370605,80
1,0,0,1,0,0,0,37.2599983215332,75
1,0,0,1,0,0,0,27.75,74.5562130177515
1,0,0,1,0,0,1,37.310001373291,95.3191489361702
0,0,1,1,0,0,1,18.3999996185303,89.9122807017544
1,0,0,1,0,0,0,32.060001373291,88.6524822695035
1,0,0,1,0,0,1,36.5,80.3030303030303
1,0,0,1,0,0,0,37,79.8418972332016
1,0,0,1,0,0,0,31.8999996185303,65.587044534413
1,0,0,1,0,0,0,30.6499996185303,95.2380952380952
1,0,0,0,0,0,0,33.5999984741211,79.0575916230366
1,0,0,1,0,0,0,36.4000015258789,95.2380952380952
1,0,0,1,0,0,0,30.2000007629395,90
1,1,0,0,0,0,0,35.2700004577637,89.7959183673469
1,0,0,1,1,0,0,41.4700012207031,89.8305084745763
0,1,1,0,0,0,0,39.2000007629395,95.5882352941177
1,0,0,1,0,0,0,15.6000003814697,49.8084291187739
1,0,0,1,0,0,0,27.8999996185303,94.7826086956522
1,0,0,0,1,0,0,39.5999984741211,86.1111111111111
1,1,0,1,1,0,0,37.6699981689453,80.327868852459
0,0,1,1,0,0,1,41.2599983215332,94.8979591836735
1,1,0,1,0,0,0,34.0999984741211,90.2439024390244
1,1,0,0,0,0,0,15.5299997329712,59.4594594594595
1,1,1,0,0,1,1,16.7999992370605,89.7959183673469
1,0,0,1,0,0,0,36.5999984741211,89.9328859060403
1,0,0,0,0,0,0,37,89.5679648401489
1,0,0,0,0,0,0,35.7000007629395,75.3086419753086
1,0,0,0,0,0,0,27.7999992370605,60
0,0,0,1,0,0,1,33.8300018310547,92
1,0,0,1,0,0,0,29.8999996185303,48.9130434782609
1,0,0,1,1,0,0,31.1000003814697,90
0,1,0,1,0,0,0,38.5,90.4
1,0,1,0,0,0,0,35.9000015258789,55.7768924302789
1,0,0,1,0,0,0,32.5,77.0833333333333
1,1,0,1,0,0,0,34.7000007629395,90.0709219858156
1,1,0,0,0,0,0,32.4000015258789,36.875
0,1,1,0,1,0,0,47,96.2962962962963
1,0,0,1,0,0,0,29.7000007629395,90.1408450704225
1,0,0,1,0,0,0,17.5100002288818,75.30981777966
1,0,1,1,0,0,0,34.7999992370605,90.0375179222401
1,0,0,1,0,0,0,36.8699989318848,80
1,0,1,1,0,0,0,28,95
1,0,0,1,0,0,0,32.3800010681152,80
1,0,0,1,1,0,0,31.0599994659424,90.3448275862069
1,0,0,1,0,0,0,35.5400009155273,95.0570342205323
1,0,0,1,0,0,0,31.1000003814697,80.327868852459
1,0,0,1,0,0,0,36.4000015258789,80
1,1,0,0,0,0,0,33.7999992370605,90.5405405405405
1,0,0,1,0,0,0,33.6500015258789,89.8305084745763
1,0,0,1,0,0,0,22.5,85.7142857142857
1,0,0,1,0,0,0,32.4000015258789,72.1153846153846
1,0,1,1,0,0,0,35.7999992370605,94.2372881355932
1,0,1,0,0,0,0,38.7000007629395,83.2
1,0,0,0,1,0,0,32.3699989318848,88
1,1,1,0,0,0,0,25,88.0434782608696
0,0,0,0,0,0,0,36,75.4545454545455
0,0,0,1,0,1,0,35,75
1,0,1,1,0,0,0,35,40
1,1,0,0,0,0,0,35,80
1,0,0,1,0,0,0,33.3889999389648,60
1,0,0,1,0,0,0,30.0799999237061,86.2068965517241
0,0,0,0,0,0,0,30.2999992370605,67.7966101694915
1,0,0,1,0,0,0,34.5800018310547,79.7546012269939
0,0,0,1,1,0,0,39.7999992370605,70.3883495145631
0,0,0,1,0,0,0,16.9300003051758,80
1,0,0,1,1,0,0,34.0800018310547,88.3076923076923
1,0,0,1,0,0,0,36.3800010681152,89.9408284023669
0,0,0,1,0,0,0,19.2700004577637,69.0909090909091
1,0,0,1,0,1,0,17.7700004577637,67.5
1,0,1,1,0,1,0,36,80
1,0,0,0,1,1,0,32.0499992370605,56.5217391304348
1,0,0,1,1,0,1,44,80.3418803418803
1,0,0,0,0,0,0,29.2099990844727,90.1960784313726
1,0,0,1,0,0,0,39.5,80
1,0,1,1,1,0,1,37.3499984741211,90.3703703703704
0,0,0,1,0,0,0,37,83.3333333333333
0,0,1,1,1,0,1,44,89.873417721519
0,0,1,0,0,0,1,37,50.4
1,1,1,0,0,0,0,29.3899993896484,95.3333333333333
1,0,0,1,1,0,0,44.4700012207031,86.5384615384615
1,0,0,0,0,0,1,35,79.7752808988764
1,0,0,0,0,1,0,35.9000015258789,80
1,0,0,0,0,0,0,39,79.3846153846154
1,0,0,1,1,1,1,34,90
1,0,0,1,0,0,1,39.3600006103516,79.874213836478
1,0,0,1,1,0,1,31,89.7590361445783
1,0,0,0,0,0,0,30.1599998474121,79.5180722891566
1,0,1,1,1,0,1,42.7400016784668,79.7153024911032
1,0,0,1,1,0,1,35.1399993896484,90.1754385964912
1,0,0,1,1,0,0,39,80
0,0,0,1,0,0,0,34.9300003051758,120
1,0,0,1,0,0,0,37.2299995422363,90.2040816326531
1,0,0,1,0,0,0,33.5299987792969,87.6470588235294
1,0,0,1,0,0,0,38.8499984741211,80
1,0,0,1,1,0,0,42.0900001525879,77.1653543307087
1,1,0,1,0,0,0,28.3999996185303,89.8550724637681
1,0,1,1,0,0,0,35.4000015258789,90
0,0,0,1,1,0,1,47.7799987792969,75.0649350649351
1,0,1,1,1,0,0,40.9799995422363,82.3008849557522
1,0,0,1,0,0,0,19.4400005340576,79.344262295082
1,1,1,1,0,0,0,32.0299987792969,83.7037037037037
1,0,0,1,1,0,0,46.4500007629395,73.1182795698925
1,0,0,0,0,0,0,34.1699981689453,75.3333333333333
1,0,1,0,0,0,0,31.7700004577637,90.2777777777778
1,0,1,0,0,1,0,30.8299999237061,80
1,0,0,0,0,0,0,35.3699989318848,89.375
1,0,0,0,1,0,0,39.3800010681152,73.8461538461539
1,0,0,1,0,0,0,39.2200012207031,80.0865800865801
1,0,1,1,0,1,0,20.0499992370605,82.6771653543307
1,0,0,0,1,0,0,47.939998626709,66.6666666666667
1,1,0,0,0,0,0,31.1499996185303,79.7385620915033
1,0,0,1,0,1,0,11.3500003814697,79.8941798941799
0,0,1,1,0,0,1,31.8899993896484,90
1,0,0,1,0,0,0,35.1699981689453,89.7810218978102
1,0,0,1,0,0,0,24.4200000762939,80.2631578947368
1,0,0,1,0,0,0,31.8400001525879,30.7692307692308
1,1,0,0,0,0,0,19.2199993133545,89.7058823529412
1,1,0,1,1,0,0,42.1500015258789,87.6470588235294
1,0,0,1,0,0,0,33.9300003051758,85.9872611464968
1,0,0,1,0,1,0,10.789999961853,68.5714285714286
0,0,0,0,0,0,0,26.7900009155273,90.5405405405405
0,0,1,1,0,0,1,35.8199996948242,89.8305084745763
1,0,0,0,0,0,0,36.7999992370605,90
1,0,1,1,0,0,0,39.6599998474121,87.9432624113475
1,0,0,0,0,0,0,25.3799991607666,90
1,0,0,1,0,0,1,29.5200004577637,80.2575107296137
1,1,1,1,0,0,0,29.3099994659424,82.6446280991736
1,1,0,0,0,0,0,29.8799991607666,79.0123456790123
1,1,0,0,0,0,0,33.7799987792969,80
1,0,0,1,0,0,0,36.8699989318848,90.2857142857143
1,0,1,0,1,0,0,40.0900001525879,75.5395683453237
1,0,0,1,1,0,0,35,86.8965517241379
1,0,1,0,1,1,0,39.0499992370605,80
1,0,0,0,0,0,0,40.0200004577637,90.1960784313726
1,0,1,1,1,0,0,39.5299987792969,88.8111888111888
1,0,1,1,1,0,0,36.2999992370605,79.7297297297297
0,0,0,1,1,0,1,36.7000007629395,89.763779527559
1,0,1,1,0,0,0,30.1200008392334,80
0,0,0,0,0,0,0,24.2299995422363,90.2654867256637
1,1,0,1,0,0,0,24.7600002288818,89.908256880734
1,0,0,1,1,0,0,39.0499992370605,90.2127659574468
1,0,0,1,0,0,0,32.2200012207031,75.7575757575758
1,1,0,0,1,0,0,32.1699981689453,90.3225806451613
1,0,1,0,0,0,0,42.6599998474121,78.0487804878049
1,1,0,0,0,0,0,30.9400005340576,70.5882352941177
1,0,1,1,0,0,0,29,80
1,0,0,1,0,0,0,33.7200012207031,100
1,0,0,0,0,0,0,26,87.0588235294118
1,0,1,1,0,0,0,35.8300018310547,90.3448275862069
1,0,0,1,0,1,0,35.25,38.7096774193548
1,0,0,0,0,1,0,28.3099994659424,72
1,0,0,1,0,0,0,32.0699996948242,80
0,0,0,1,1,0,0,43.1500015258789,86.4197530864197
0,0,1,0,0,0,0,32.0699996948242,90
1,1,0,0,1,0,0,31.9599990844727,68.4848484848485
0,0,0,1,0,0,1,39.9599990844727,90
1,0,0,1,0,0,0,32.1100006103516,89.84375
1,1,0,0,0,0,0,38.4000015258789,75.3333333333333
0,0,0,0,0,1,0,19,75.4545454545455
0,1,0,0,0,0,0,4,66.6666666666667
0,1,0,0,0,0,0,34.6599998474121,104.8
0,0,0,1,1,1,1,48.4000015258789,100
1,0,0,0,0,0,0,32.8699989318848,90.7692307692308
0,1,1,1,0,0,1,28.6599998474121,79.6610169491525
1,0,0,1,0,0,0,31.5799999237061,64.9746192893401
1,1,0,1,1,0,0,41.9099998474121,79.4520547945205
1,1,0,0,0,0,0,37.7900009155273,89.8809523809524
0,1,1,0,1,0,0,44,74.8201438848921
0,1,1,0,1,0,1,32.2099990844727,90.2777777777778
1,0,0,1,0,1,0,37.3300018310547,75
0,0,0,1,0,0,0,29.2000007629395,89.2857142857143
1,0,0,1,0,0,0,30.3099994659424,90.3225806451613
1,0,0,1,0,0,0,30.7099990844727,66.6666666666667
1,0,1,1,0,0,0,32,74.5762711864407
1,0,0,1,1,0,0,33.1800003051758,79.7979797979798
0,0,1,1,0,0,0,33.4199981689453,86.2068965517241
1,0,0,1,0,0,0,33.8699989318848,53.7931034482759
1,0,0,1,0,0,0,31.9400005340576,60.377358490566
1,0,0,1,0,1,0,29.1700000762939,69.4444444444444
1,0,0,1,0,0,0,32.9500007629395,82.4817518248175
1,0,0,1,0,0,0,38.2999992370605,79.7235023041475
0,0,1,1,0,0,0,25.4200000762939,95.3488372093023
1,1,1,0,0,0,0,35.7000007629395,51.4925373134328
0,0,1,1,1,0,0,36.3600006103516,50.9375
1,0,0,1,0,0,0,21.8500003814697,79.6019900497513
1,0,0,1,0,0,0,26.2999992370605,80
1,0,0,1,0,0,0,32.2999992370605,74.7747747747748
1,0,0,1,0,0,0,35.560001373291,79.874213836478
1,0,0,1,1,0,0,30.7999992370605,79.7130350200468
1,1,0,0,0,0,0,27.6000003814697,80
1,1,0,1,1,0,0,36.560001373291,80
1,0,0,1,1,0,0,33.2299995422363,53.6363636363636
1,1,0,0,0,0,0,28.75,67.6190476190476
1,0,0,1,0,0,0,26.2199993133545,63.921568627451
1,0,0,0,0,0,0,35.2900009155273,84.1666666666667
1,0,0,1,0,0,1,35.3400001525879,79.6551724137931
1,1,0,0,0,0,0,30.1000003814697,31.6091954022989
1,0,1,1,0,0,0,37.2700004577637,80
1,0,1,0,0,0,0,39,51.1627906976744
1,0,0,0,0,0,0,35,53.4285714285714
1,1,0,0,1,0,0,35,74.4827586206897
1,0,0,1,0,0,0,17,46.1538461538462
1,0,0,0,0,1,0,17,54.4444444444444
1,0,0,1,0,0,0,30,59.5652173913044
1,0,0,1,0,0,0,34,74.8
0,0,0,0,0,0,1,50,50.7936507936508
1,0,0,0,0,0,0,21,74.6666666666667
1,0,0,1,1,0,0,36,79
1,0,0,1,0,0,0,19,34.8837209302326
1,0,1,1,0,0,0,39,86.25
1,0,0,1,0,0,0,32,78.7878787878788
1,0,0,1,0,0,0,35,67.4528301886792
0,0,0,0,0,1,0,21,70.566037735849
1,0,1,1,0,0,0,28,68.9655172413793
1,0,0,1,0,0,1,28,72.5907384230288
1,0,0,1,0,0,0,30,58.6309523809524
1,1,0,1,0,0,0,36,77.7777777777778
1,0,0,1,0,0,0,27,80.2631578947368
1,0,0,1,0,0,0,38,57.8125
1,0,0,0,0,1,1,34,71.4285714285714
1,0,0,0,0,0,1,27,75.4545454545455
1,0,0,1,0,0,0,37,86.4864864864865
1,0,0,1,0,0,0,30.3299999237061,48.048048048048
1,0,0,1,0,0,0,29.8600006103516,67.5
1,0,0,1,1,0,0,37.0200004577637,76.1904761904762
1,1,1,1,0,0,0,32,92.1465968586387
1,1,1,1,0,0,0,36.5,90.4761904761905
1,0,0,1,0,0,0,36.5999984741211,47.948717948718
1,1,0,0,1,0,0,33,72.65625
1,0,0,0,1,0,0,40,54.3478260869565
1,0,1,1,0,0,0,27,84.6715328467153
1,0,0,1,0,0,0,29,77.5193798449613
1,0,0,1,0,0,0,31,63.953488372093
1,0,1,0,1,0,0,37,86.6666666666667
1,0,1,0,0,0,0,38,84.7058823529412
1,1,0,0,1,0,0,34,50
1,0,0,0,1,0,0,42,79.6703296703297
1,0,0,1,0,0,0,32,78.7671232876712
1,0,0,1,0,0,0,38.5999984741211,32.6923076923077
1,0,0,0,0,0,0,34.7000007629395,72.4137931034483
1,0,0,1,0,1,0,24.3999996185303,65.7142857142857
1,0,0,1,0,0,0,23,44.8717948717949
1,0,1,1,1,0,0,34,88.8888888888889
1,0,0,1,0,0,0,35,71.304347826087
1,1,0,0,0,0,1,37.9000015258789,80.3418803418803
1,0,0,0,0,0,0,39,87.5
1,1,0,0,0,0,0,42,68.9655172413793
1,0,0,1,0,0,0,26,88.2075471698113
1,0,0,1,0,0,0,43,75.1445086705202
1,0,0,1,0,0,0,34,94.0677966101695
1,0,0,1,0,1,0,20,90
1,0,0,1,0,0,1,36,90.7894736842105
1,0,1,1,0,0,0,32,94.9275362318841
1,0,0,0,1,0,0,35,63.2075471698113
1,0,0,1,0,1,0,47,89.3129770992366
1,0,1,1,0,0,1,39,77.6859504132231
1,0,0,1,0,0,0,34,89.4736842105263
1,0,1,1,0,0,0,38,85.5172413793103
0,0,1,0,0,0,0,36.7999992370605,123.913043478261
1,0,0,1,0,0,0,30,80
1,0,0,1,1,0,0,39.0999984741211,92.8571428571429
1,0,0,1,0,0,0,30,90.0763358778626
1,1,0,0,0,0,0,41,85.7142857142857
1,0,0,1,0,0,0,34,41.6666666666667
1,1,0,0,0,0,0,26,44.6428571428571
1,0,0,1,1,0,0,35,37.6344086021505
1,0,0,1,0,0,0,9,40
1,1,0,1,0,0,0,26,90.1041666666667
1,0,0,1,0,0,0,44,75.9493670886076
1,0,0,0,0,0,1,35,78.3216783216783
1,0,0,1,0,0,0,39,59.6153846153846
1,0,0,1,0,0,0,31,73
1,0,0,1,0,0,0,40,76.6129032258064
1,0,0,1,1,1,0,41,68.0412371134021
1,0,0,1,0,0,0,24,79.5321637426901
1,0,0,1,0,0,0,33,80
1,0,0,1,0,0,0,37,73.0434782608696
1,0,0,1,1,0,0,35,52.1739130434783
0,0,0,1,0,0,1,42,66.6666666666667
1,1,1,1,0,0,0,33,80
1,0,0,1,0,0,0,34,80
1,0,0,1,1,0,0,36,83.4782608695652
0,0,0,0,0,1,1,32,80
1,0,0,0,0,0,0,32,78.75
1,0,0,1,0,0,0,27,80.6004618937644
1,1,0,1,0,1,0,33,47.4254742547426
1,0,0,1,1,0,0,38,71.4285714285714
1,0,1,1,0,0,0,36,71.5686274509804
1,0,0,0,0,0,0,24,79.8449612403101
1,0,0,1,0,0,0,32,75.531914893617
1,0,0,0,0,0,0,38,31.25
1,0,0,1,0,0,0,38,44.8430493273543
1,0,0,0,0,0,0,25,80
1,1,0,0,1,0,0,32,80
1,0,1,0,0,0,0,31,86.5853658536585
1,1,0,1,0,0,0,33,62.5
1,0,1,0,0,0,0,35,89.3939393939394
1,0,0,1,0,0,0,33,80.3030303030303
1,0,0,1,0,1,0,31,80
1,0,0,0,0,0,0,30,77.7049180327869
1,0,0,1,0,0,0,26,52.6760563380282
0,0,1,0,0,0,1,32,75.3846153846154
0,0,0,0,0,0,0,35,81.3559322033898
